1,1,"check_in,register",2025-04-22 07:18:51.056023,2025-11-05 17:54:23.667822
2,2,"check_in,register",2025-06-18 16:05:48.080305,2025-11-05 17:54:23.668104
3,3,"check_in,register",2025-07-16 05:23:32.644159,2025-11-05 17:54:23.668368
4,4,"check_in,register",2024-02-29 21:33:09.394841,2025-11-05 17:54:23.668632
5,5,"check_in,register",2025-06-18 04:09:55.180991,2025-11-05 17:54:23.668896
6,6,"check_in,register",2025-06-05 16:47:21.396134,2025-11-05 17:54:23.669158
7,7,"check_in,register",2024-05-22 19:57:17.724644,2025-11-05 17:54:23.669436
8,8,"check_in,register",2024-03-31 09:44:12.339326,2025-11-05 17:54:23.669690
9,9,"check_in,register",2025-07-31 02:26:48.672227,2025-11-05 17:54:23.669937
10,10,"check_in,register",2025-02-22 08:07:53.679505,2025-11-05 17:54:23.670186
