1,1,3,1,2024-05-16,,1,2025-04-10 16:16:20.894662,2025-11-05 20:27:09.605663
2,2,3,1,2025-08-27,,1,2025-03-02 15:31:42.905028,2025-11-05 20:27:09.606559
3,3,1,1,2024-06-05,2024-06-12,1,2023-12-26 10:31:24.429952,2025-11-05 20:27:09.607304
4,4,1,1,2024-03-24,2024-03-31,1,2024-10-15 21:06:04.617043,2025-11-05 20:27:09.608576
5,5,3,1,2025-05-26,,1,2025-03-21 21:40:21.785620,2025-11-05 20:27:09.609061
6,6,5,1,2024-07-06,,1,2023-12-05 09:30:25.671542,2025-11-05 20:27:09.609464
7,7,2,1,2024-08-21,,1,2024-12-22 16:34:36.267329,2025-11-05 20:27:09.609864
8,8,1,1,2025-08-03,2025-08-10,1,2024-12-23 12:55:33.915694,2025-11-05 20:27:09.610277
9,9,3,1,2024-07-28,,5,2025-03-18 22:34:17.932468,2025-11-05 20:27:09.612361
10,10,2,1,2024-06-25,,1,2023-11-28 12:33:12.558529,2025-11-05 20:27:09.613026
11,11,3,1,2025-09-16,,2,2025-02-15 06:38:52.189175,2025-11-05 20:27:09.613472
12,12,1,1,2025-04-27,2025-05-04,5,2025-09-20 18:06:49.132667,2025-11-05 20:27:09.613934
13,13,3,1,2025-09-27,,1,2025-08-15 07:57:38.910754,2025-11-05 20:27:09.614365
14,14,3,1,2025-08-11,,1,2025-02-28 04:51:46.852380,2025-11-05 20:27:09.614753
15,15,3,1,2024-02-17,,1,2023-12-23 07:53:06.777416,2025-11-05 20:27:09.615167
16,16,2,1,2025-02-23,,1,2025-08-14 10:28:35.961312,2025-11-05 20:27:09.615678
17,17,2,1,2024-03-08,,1,2024-12-03 13:35:14.960479,2025-11-05 20:27:09.616117
18,18,4,1,2024-08-14,,1,2024-03-04 13:28:20.527181,2025-11-05 20:27:09.616550
19,19,4,1,2024-04-27,,1,2025-09-30 06:46:48.871134,2025-11-05 20:27:09.616971
20,20,5,1,2025-06-21,,1,2025-09-01 06:36:20.936118,2025-11-05 20:27:09.617410
21,21,5,1,2025-09-25,,1,2025-06-23 03:32:18.700624,2025-11-05 20:27:09.618414
22,22,2,1,2025-03-19,,1,2024-04-14 22:11:00.750480,2025-11-05 20:27:09.618906
23,23,4,1,2024-03-22,,1,2024-12-17 03:15:32.660975,2025-11-05 20:27:09.619350
24,24,3,1,2025-01-27,,1,2025-08-03 18:30:59.609152,2025-11-05 20:27:09.619786
25,25,2,1,2025-08-19,,3,2024-08-04 11:48:25.446253,2025-11-05 20:27:09.620272
26,26,2,1,2025-03-15,,1,2024-06-06 23:08:10.046583,2025-11-05 20:27:09.620999
27,27,2,1,2024-07-19,,1,2024-09-17 23:44:53.772927,2025-11-05 20:27:09.621617
28,28,2,1,2024-10-05,,1,2025-08-11 16:32:17.965238,2025-11-05 20:27:09.623399
29,29,2,1,2025-01-18,,1,2024-10-12 09:54:28.564012,2025-11-05 20:27:09.623924
30,30,1,1,2025-03-02,2025-03-09,1,2024-10-21 14:55:25.444498,2025-11-05 20:27:09.633464
31,31,3,1,2025-08-02,,1,2025-01-28 10:30:07.147258,2025-11-05 20:27:09.634680
32,32,2,1,2024-06-25,,4,2023-11-20 21:49:41.383103,2025-11-05 20:27:09.635216
33,33,5,1,2024-01-26,,1,2024-06-21 22:31:10.585889,2025-11-05 20:27:09.635695
34,34,3,1,2024-12-27,,1,2025-02-04 03:09:39.860340,2025-11-05 20:27:09.637157
35,35,3,1,2025-07-14,,4,2024-10-10 12:32:40.639911,2025-11-05 20:27:09.638072
36,36,3,1,2024-09-12,,1,2024-11-21 21:11:48.723741,2025-11-05 20:27:09.638685
37,37,1,1,2024-06-01,2024-06-08,1,2025-09-03 15:57:57.874995,2025-11-05 20:27:09.639216
38,38,5,1,2024-09-26,,1,2024-12-06 07:18:52.448414,2025-11-05 20:27:09.639718
39,39,2,1,2025-02-19,,1,2024-07-22 12:53:41.033235,2025-11-05 20:27:09.640185
40,40,3,1,2024-02-15,,1,2024-03-16 09:27:27.392125,2025-11-05 20:27:09.644782
41,41,2,1,2024-03-04,,1,2024-11-14 05:56:34.603637,2025-11-05 20:27:09.645278
42,42,4,1,2024-09-19,,2,2024-11-04 15:49:11.914122,2025-11-05 20:27:09.645984
43,43,4,1,2025-06-29,,1,2025-03-22 17:22:09.402463,2025-11-05 20:27:09.646492
44,44,3,1,2025-07-01,,1,2024-11-12 20:24:31.289742,2025-11-05 20:27:09.646941
45,45,3,1,2025-04-12,,1,2025-03-23 08:19:34.181480,2025-11-05 20:27:09.648586
46,46,4,1,2024-02-01,,1,2025-02-12 14:36:21.232562,2025-11-05 20:27:09.649362
47,47,2,1,2024-09-14,,1,2024-02-26 21:40:47.584877,2025-11-05 20:27:09.649928
48,48,5,1,2024-08-12,,5,2024-01-19 02:48:39.864273,2025-11-05 20:27:09.650396
49,49,2,1,2024-07-18,,4,2024-08-27 13:42:06.529156,2025-11-05 20:27:09.651415
50,50,2,1,2024-04-23,,1,2025-01-13 00:29:48.312474,2025-11-05 20:27:09.652620
51,51,3,1,2024-08-13,,1,2025-01-14 00:00:37.011517,2025-11-05 20:27:09.653150
52,52,2,1,2024-08-27,,1,2025-01-29 20:06:20.787037,2025-11-05 20:27:09.653623
53,53,5,1,2025-07-23,,1,2024-02-27 04:38:29.998679,2025-11-05 20:27:09.654217
54,54,2,1,2024-04-27,,1,2024-04-24 16:48:00.136110,2025-11-05 20:27:09.654749
55,55,3,1,2024-04-17,,1,2025-02-14 09:13:30.167053,2025-11-05 20:27:09.655238
56,56,3,1,2024-02-07,,1,2024-01-15 14:51:35.782364,2025-11-05 20:27:09.655726
57,57,3,1,2025-01-14,,1,2025-08-14 14:37:13.501801,2025-11-05 20:27:09.656204
58,58,2,1,2025-08-09,,1,2024-03-18 07:50:23.208465,2025-11-05 20:27:09.657380
59,59,5,1,2025-03-31,,1,2025-03-02 02:54:35.116632,2025-11-05 20:27:09.658908
60,60,3,1,2025-02-22,,5,2024-01-22 20:34:49.128033,2025-11-05 20:27:09.659385
61,61,4,1,2024-09-10,,1,2025-05-17 23:03:31.500407,2025-11-05 20:27:09.659869
62,62,3,1,2024-06-28,,1,2024-05-29 19:05:47.750440,2025-11-05 20:27:09.660306
63,63,5,1,2024-03-11,,1,2025-07-16 11:31:22.124352,2025-11-05 20:27:09.660740
64,64,4,1,2025-03-26,,1,2024-03-01 15:05:52.673411,2025-11-05 20:27:09.661216
65,65,2,1,2025-06-25,,1,2024-12-03 07:03:16.780723,2025-11-05 20:27:09.661687
66,66,3,1,2024-01-12,,2,2024-05-06 02:47:03.155425,2025-11-05 20:27:09.662183
67,67,1,1,2025-09-25,2025-10-02,1,2024-10-26 09:34:43.301427,2025-11-05 20:27:09.662654
68,68,2,1,2024-11-30,,1,2025-06-09 19:06:14.362430,2025-11-05 20:27:09.663090
69,69,3,1,2024-08-21,,1,2024-04-09 04:06:14.122605,2025-11-05 20:27:09.663538
70,70,3,1,2025-10-10,,1,2024-07-08 10:46:47.439152,2025-11-05 20:27:09.663997
71,71,4,1,2025-09-08,,1,2024-07-25 07:24:18.345348,2025-11-05 20:27:09.664451
72,72,5,1,2024-09-29,,1,2024-01-23 10:05:10.059362,2025-11-05 20:27:09.664899
73,73,3,1,2025-02-19,,1,2025-06-10 15:33:51.155860,2025-11-05 20:27:09.665345
74,74,1,1,2025-03-02,2025-03-09,1,2024-08-03 06:04:15.727236,2025-11-05 20:27:09.665758
75,75,1,1,2023-12-09,2023-12-16,1,2024-07-10 00:21:45.543549,2025-11-05 20:27:09.666248
76,76,4,1,2024-06-19,,1,2024-10-23 20:50:35.051905,2025-11-05 20:27:09.666709
77,77,3,1,2025-07-08,,1,2024-03-02 11:34:35.296042,2025-11-05 20:27:09.667162
78,78,2,1,2024-10-20,,1,2023-11-17 17:53:38.695526,2025-11-05 20:27:09.667718
79,79,3,1,2024-03-01,,1,2024-03-29 06:26:05.263452,2025-11-05 20:27:09.668274
80,80,2,1,2025-06-29,,1,2025-07-30 09:36:48.862644,2025-11-05 20:27:09.668732
81,81,2,1,2025-10-05,,2,2024-09-24 23:20:43.724838,2025-11-05 20:27:09.669194
82,82,4,1,2025-02-06,,1,2025-03-15 21:27:20.812971,2025-11-05 20:27:09.669640
83,83,2,1,2024-10-11,,1,2023-12-07 19:00:58.750254,2025-11-05 20:27:09.670246
84,84,2,1,2024-10-21,,1,2025-04-07 14:10:22.886733,2025-11-05 20:27:09.670697
85,85,2,1,2025-08-10,,1,2024-06-11 03:27:54.521948,2025-11-05 20:27:09.671106
86,86,5,1,2025-09-14,,1,2023-12-30 11:02:54.785784,2025-11-05 20:27:09.671542
87,87,1,1,2025-07-15,2025-07-22,5,2023-11-24 06:47:37.672397,2025-11-05 20:27:09.671980
88,88,3,1,2024-03-06,,4,2024-07-31 10:37:56.670896,2025-11-05 20:27:09.672417
89,89,4,1,2024-02-19,,1,2025-03-20 06:53:26.994160,2025-11-05 20:27:09.672877
90,90,2,1,2025-10-28,,1,2024-02-25 08:12:52.245602,2025-11-05 20:27:09.673297
91,91,3,1,2025-01-13,,1,2024-06-26 22:05:26.320019,2025-11-05 20:27:09.673712
92,92,2,1,2024-11-28,,1,2024-09-09 03:53:36.301115,2025-11-05 20:27:09.674128
93,93,3,1,2024-12-13,,4,2024-12-03 09:25:54.573910,2025-11-05 20:27:09.674952
94,94,2,1,2025-03-13,,1,2023-12-04 07:08:44.756610,2025-11-05 20:27:09.675406
95,95,4,1,2025-03-22,,1,2024-01-02 07:14:51.828388,2025-11-05 20:27:09.675857
96,96,3,1,2024-10-09,,1,2025-08-09 05:55:34.383909,2025-11-05 20:27:09.676231
97,97,1,1,2025-01-17,2025-01-24,4,2025-08-08 20:03:54.152308,2025-11-05 20:27:09.676639
98,98,4,1,2024-12-20,,1,2024-12-29 03:55:34.294370,2025-11-05 20:27:09.677049
99,99,2,1,2024-02-11,,1,2025-04-06 02:57:35.881097,2025-11-05 20:27:09.677455
100,100,3,1,2024-11-23,,1,2024-09-20 19:05:06.990650,2025-11-05 20:27:09.677825
101,101,2,1,2024-09-14,,1,2025-05-26 16:40:30.110501,2025-11-05 20:27:09.678237
102,102,3,1,2025-10-20,,1,2024-01-23 13:03:05.869117,2025-11-05 20:27:09.678592
103,103,2,1,2024-06-04,,1,2025-04-16 19:20:02.133133,2025-11-05 20:27:09.678980
104,104,2,1,2024-08-14,,1,2025-01-19 11:52:15.238483,2025-11-05 20:27:09.679334
105,105,3,1,2025-03-10,,1,2024-10-07 12:24:12.129699,2025-11-05 20:27:09.679733
106,106,3,1,2025-02-06,,1,2024-09-10 17:51:29.923310,2025-11-05 20:27:09.680121
107,107,5,1,2025-04-18,,1,2024-11-21 02:43:57.671512,2025-11-05 20:27:09.680510
108,108,1,1,2024-07-10,2024-07-17,1,2025-09-18 08:59:17.150266,2025-11-05 20:27:09.680893
109,109,3,1,2025-01-08,,1,2023-12-19 13:57:22.545176,2025-11-05 20:27:09.681287
110,110,5,1,2023-12-25,,1,2024-09-16 02:23:58.739748,2025-11-05 20:27:09.681677
111,111,3,1,2024-03-17,,1,2025-03-14 20:24:07.744325,2025-11-05 20:27:09.682062
112,112,4,1,2024-05-20,,1,2024-01-11 12:32:37.457311,2025-11-05 20:27:09.682447
113,113,3,1,2025-09-18,,1,2025-09-11 00:40:59.685846,2025-11-05 20:27:09.682833
114,114,5,1,2024-10-26,,1,2023-12-13 00:54:21.688469,2025-11-05 20:27:09.683232
115,115,5,1,2024-11-08,,5,2024-11-17 11:22:41.421029,2025-11-05 20:27:09.683630
116,116,2,1,2025-05-28,,1,2025-08-21 15:18:14.944879,2025-11-05 20:27:09.684033
117,117,3,1,2024-05-08,,4,2024-05-16 07:38:19.833352,2025-11-05 20:27:09.684594
118,118,5,1,2024-08-11,,1,2025-04-18 15:57:50.036920,2025-11-05 20:27:09.685013
119,119,5,1,2023-12-23,,1,2024-05-29 11:13:35.686518,2025-11-05 20:27:09.685399
120,120,3,1,2024-09-23,,1,2024-01-31 23:58:52.359578,2025-11-05 20:27:09.685780
121,121,3,1,2024-01-28,,1,2025-02-26 00:53:01.212107,2025-11-05 20:27:09.686178
122,122,5,1,2024-09-01,,1,2024-07-18 20:28:12.039774,2025-11-05 20:27:09.686563
123,123,2,1,2025-02-14,,1,2025-03-21 15:16:01.873541,2025-11-05 20:27:09.686919
124,124,3,1,2025-04-13,,1,2024-04-13 10:10:22.671682,2025-11-05 20:27:09.687267
125,125,3,1,2024-10-11,,1,2023-12-30 05:55:04.519067,2025-11-05 20:27:09.687643
126,126,2,1,2025-06-20,,1,2024-11-30 12:08:40.664330,2025-11-05 20:27:09.688018
127,127,2,1,2024-08-20,,1,2024-01-25 10:27:29.734186,2025-11-05 20:27:09.688390
128,128,3,1,2024-04-19,,1,2024-01-20 12:46:13.854420,2025-11-05 20:27:09.688772
129,129,3,1,2024-04-18,,1,2024-10-13 07:20:17.642562,2025-11-05 20:27:09.689127
130,130,3,1,2023-11-25,,1,2025-03-04 14:47:01.189856,2025-11-05 20:27:09.689504
131,131,3,1,2024-01-01,,1,2025-07-31 08:58:19.474169,2025-11-05 20:27:09.689870
132,132,2,1,2025-08-13,,1,2023-12-09 12:37:57.988194,2025-11-05 20:27:09.690242
133,133,2,1,2025-08-06,,1,2024-07-27 20:02:25.533967,2025-11-05 20:27:09.690604
134,134,1,1,2024-07-22,2024-07-29,1,2025-09-28 12:27:20.482004,2025-11-05 20:27:09.690931
135,135,3,1,2025-09-17,,2,2024-03-12 23:29:57.759791,2025-11-05 20:27:09.691442
136,136,3,1,2024-10-12,,1,2025-09-24 00:24:44.838114,2025-11-05 20:27:09.691813
137,137,4,1,2025-08-20,,1,2023-11-21 10:34:26.001297,2025-11-05 20:27:09.692174
138,138,4,1,2025-08-20,,1,2025-02-25 08:05:41.055625,2025-11-05 20:27:09.692534
139,139,5,1,2024-04-11,,1,2024-09-14 10:40:01.927713,2025-11-05 20:27:09.692904
140,140,2,1,2024-04-21,,1,2024-02-14 11:21:06.734570,2025-11-05 20:27:09.693255
141,141,3,1,2025-01-16,,1,2023-12-03 12:11:43.302924,2025-11-05 20:27:09.693602
142,142,5,1,2025-10-28,,1,2024-12-02 15:06:22.245450,2025-11-05 20:27:09.693949
143,143,2,1,2024-02-21,,1,2024-10-16 18:06:17.638678,2025-11-05 20:27:09.694355
144,144,2,1,2025-09-30,,1,2025-03-11 21:03:15.096195,2025-11-05 20:27:09.694717
145,145,2,1,2024-04-23,,2,2025-09-21 18:05:22.564838,2025-11-05 20:27:09.695245
146,146,3,1,2025-07-26,,1,2024-09-05 01:47:54.124732,2025-11-05 20:27:09.695573
147,147,3,1,2023-12-11,,1,2025-08-12 05:10:14.931767,2025-11-05 20:27:09.695897
148,148,1,1,2024-12-12,2024-12-19,1,2024-02-28 05:58:51.885735,2025-11-05 20:27:09.696255
149,149,4,1,2024-08-05,,1,2024-06-23 06:01:56.248930,2025-11-05 20:27:09.696609
150,150,3,1,2024-10-03,,1,2024-03-29 05:57:04.374400,2025-11-05 20:27:09.696958
151,151,5,1,2024-10-22,,1,2025-08-22 20:23:11.880949,2025-11-05 20:27:09.697306
152,152,3,1,2024-03-28,,1,2024-01-26 12:26:40.886801,2025-11-05 20:27:09.697624
153,153,5,1,2024-08-10,,1,2024-12-28 08:06:28.166199,2025-11-05 20:27:09.697976
154,154,2,1,2024-10-23,,1,2023-12-21 11:38:03.906567,2025-11-05 20:27:09.698325
155,155,3,1,2025-08-11,,1,2025-07-03 11:19:01.676608,2025-11-05 20:27:09.698688
156,156,4,1,2025-01-06,,2,2024-10-29 18:03:36.310089,2025-11-05 20:27:09.699048
157,157,1,1,2025-09-11,2025-09-18,4,2024-09-20 01:13:39.049262,2025-11-05 20:27:09.699390
158,158,4,1,2025-04-03,,5,2024-05-07 16:32:03.166598,2025-11-05 20:27:09.699730
159,159,2,1,2023-11-29,,1,2024-07-16 02:35:56.033928,2025-11-05 20:27:09.700076
160,160,2,1,2024-11-19,,1,2024-09-26 14:34:54.142756,2025-11-05 20:27:09.700415
161,161,3,1,2025-05-28,,1,2024-03-09 22:12:40.965820,2025-11-05 20:27:09.700750
162,162,3,1,2025-07-24,,1,2024-09-29 04:12:46.069035,2025-11-05 20:27:09.701320
163,163,3,1,2025-10-16,,1,2024-05-18 07:54:29.137729,2025-11-05 20:27:09.701653
164,164,2,1,2025-09-23,,1,2024-06-01 05:48:45.973401,2025-11-05 20:27:09.701991
165,165,2,1,2025-04-29,,1,2025-01-30 00:33:38.297566,2025-11-05 20:27:09.702338
166,166,2,1,2025-09-03,,1,2025-01-02 16:52:36.692910,2025-11-05 20:27:09.702679
167,167,2,1,2024-09-04,,1,2024-01-08 00:32:12.915198,2025-11-05 20:27:09.703014
168,168,2,1,2023-12-23,,1,2024-01-09 09:58:12.204540,2025-11-05 20:27:09.703343
169,169,5,1,2024-07-25,,2,2024-11-11 20:21:44.556922,2025-11-05 20:27:09.703669
170,170,5,1,2024-08-02,,1,2024-08-28 21:15:12.660404,2025-11-05 20:27:09.703971
171,171,5,1,2025-02-14,,1,2024-06-18 11:26:00.916070,2025-11-05 20:27:09.704303
172,172,3,1,2025-08-30,,1,2023-11-29 04:29:13.895901,2025-11-05 20:27:09.704639
173,173,2,1,2024-05-02,,1,2024-08-01 11:10:50.014784,2025-11-05 20:27:09.704968
174,174,2,1,2024-05-13,,1,2024-10-09 05:16:31.300833,2025-11-05 20:27:09.705302
175,175,1,1,2025-04-10,2025-04-17,4,2025-02-21 00:34:03.268590,2025-11-05 20:27:09.705628
176,176,2,1,2024-06-01,,2,2024-02-26 07:12:42.509625,2025-11-05 20:27:09.705966
177,177,3,1,2025-03-15,,1,2025-01-10 05:49:59.051147,2025-11-05 20:27:09.706255
178,178,2,1,2023-11-20,,1,2024-04-11 01:56:50.649608,2025-11-05 20:27:09.706545
179,179,5,1,2024-06-09,,1,2024-03-25 15:54:59.559351,2025-11-05 20:27:09.706864
180,180,2,1,2024-04-22,,2,2024-09-15 16:50:33.296866,2025-11-05 20:27:09.707180
181,181,2,1,2024-02-29,,1,2025-04-04 20:24:59.489130,2025-11-05 20:27:09.707495
182,182,2,1,2025-08-29,,1,2025-07-07 18:52:49.086688,2025-11-05 20:27:09.707927
183,183,5,1,2024-12-05,,1,2024-03-02 07:09:14.573575,2025-11-05 20:27:09.708250
184,184,5,1,2024-02-01,,1,2025-03-03 17:21:04.200190,2025-11-05 20:27:09.708577
185,185,3,1,2024-06-08,,1,2024-01-15 10:40:55.837070,2025-11-05 20:27:09.708897
186,186,3,1,2024-06-18,,1,2024-10-06 05:37:11.273981,2025-11-05 20:27:09.709214
187,187,3,1,2023-12-30,,4,2024-05-25 02:57:24.567607,2025-11-05 20:27:09.709504
188,188,5,1,2024-02-22,,1,2024-02-14 18:22:16.681860,2025-11-05 20:27:09.709825
189,189,3,1,2025-06-24,,1,2025-08-02 00:47:25.306150,2025-11-05 20:27:09.710144
190,190,2,1,2024-02-07,,1,2023-11-18 16:40:47.014142,2025-11-05 20:27:09.710434
191,191,5,1,2025-06-19,,1,2024-02-13 10:37:33.332899,2025-11-05 20:27:09.710755
192,192,2,1,2024-07-24,,4,2025-03-03 23:40:32.207389,2025-11-05 20:27:09.711072
193,193,3,1,2024-10-29,,1,2024-07-18 15:44:39.275165,2025-11-05 20:27:09.711367
194,194,3,1,2024-06-21,,1,2024-11-02 13:26:34.391208,2025-11-05 20:27:09.711685
195,195,1,1,2024-03-25,2024-04-01,1,2025-06-21 05:15:37.396087,2025-11-05 20:27:09.712064
196,196,2,1,2024-06-20,,1,2024-05-27 07:24:49.068743,2025-11-05 20:27:09.712391
197,197,2,1,2025-08-13,,1,2025-02-17 20:27:47.400077,2025-11-05 20:27:09.712709
198,198,1,1,2024-12-15,2024-12-22,1,2024-09-25 17:55:00.064259,2025-11-05 20:27:09.713081
199,199,4,1,2023-12-27,,1,2025-10-02 15:48:12.499138,2025-11-05 20:27:09.713539
200,200,1,1,2025-04-01,2025-04-08,1,2024-07-30 03:33:40.268625,2025-11-05 20:27:09.713877
201,201,3,1,2025-07-03,,1,2025-04-27 20:38:05.356586,2025-11-05 20:27:09.714209
202,202,2,1,2025-06-27,,1,2024-02-17 21:19:35.637414,2025-11-05 20:27:09.714539
203,203,2,1,2024-07-26,,1,2025-10-04 19:33:01.751997,2025-11-05 20:27:09.714833
204,204,2,1,2023-12-17,,1,2025-06-10 14:34:15.214320,2025-11-05 20:27:09.715154
205,205,2,1,2025-07-11,,1,2025-05-08 18:51:37.665400,2025-11-05 20:27:09.715444
206,206,1,1,2024-02-06,2024-02-13,1,2025-08-17 06:53:43.804300,2025-11-05 20:27:09.715772
207,207,3,1,2024-06-25,,5,2024-01-21 11:01:08.810640,2025-11-05 20:27:09.716105
208,208,3,1,2025-10-10,,1,2024-10-21 14:08:56.524758,2025-11-05 20:27:09.716406
209,209,2,1,2024-12-19,,1,2024-03-04 00:20:34.633564,2025-11-05 20:27:09.716700
210,210,2,1,2024-02-21,,1,2024-01-27 00:11:05.312516,2025-11-05 20:27:09.717023
211,211,5,1,2025-01-21,,1,2024-03-05 15:01:40.640482,2025-11-05 20:27:09.717347
212,212,2,1,2025-01-22,,1,2024-07-19 14:14:42.197140,2025-11-05 20:27:09.718064
213,213,2,1,2025-08-23,,1,2025-02-14 15:20:58.344249,2025-11-05 20:27:09.718487
214,214,3,1,2024-02-14,,1,2025-07-17 20:48:45.608300,2025-11-05 20:27:09.718917
215,215,4,1,2024-10-29,,1,2024-01-10 15:13:48.527739,2025-11-05 20:27:09.719277
216,216,1,1,2024-05-12,2024-05-19,1,2024-03-17 00:42:44.393142,2025-11-05 20:27:09.719605
217,217,2,1,2024-08-29,,1,2023-12-21 23:04:56.789124,2025-11-05 20:27:09.719931
218,218,4,1,2024-11-15,,1,2025-06-12 09:34:38.303061,2025-11-05 20:27:09.720252
219,219,2,1,2025-04-29,,2,2024-01-18 00:12:26.869695,2025-11-05 20:27:09.720576
220,220,2,1,2024-05-13,,2,2023-12-22 05:41:40.592814,2025-11-05 20:27:09.720892
221,221,5,1,2025-01-21,,1,2025-07-12 14:53:17.694554,2025-11-05 20:27:09.721208
222,222,2,1,2024-06-16,,1,2025-01-26 08:01:30.787794,2025-11-05 20:27:09.721528
223,223,2,1,2025-03-24,,1,2024-11-24 00:14:42.661441,2025-11-05 20:27:09.721844
224,224,1,1,2024-12-23,2024-12-30,5,2025-07-27 11:27:10.850154,2025-11-05 20:27:09.722284
225,225,3,1,2023-11-07,,1,2025-02-17 08:40:05.129352,2025-11-05 20:27:09.722663
226,226,5,1,2024-06-22,,1,2023-12-23 12:28:25.058985,2025-11-05 20:27:09.723035
227,227,2,1,2024-10-12,,1,2025-07-02 00:07:42.836020,2025-11-05 20:27:09.723411
228,228,1,1,2025-03-18,2025-03-25,1,2024-11-13 16:29:17.324771,2025-11-05 20:27:09.723901
229,229,3,1,2025-03-30,,1,2025-04-16 15:08:57.707915,2025-11-05 20:27:09.724224
230,230,3,1,2024-10-18,,2,2025-05-21 20:29:27.870797,2025-11-05 20:27:09.724596
231,231,2,1,2025-01-19,,1,2024-11-07 19:50:57.809954,2025-11-05 20:27:09.724964
232,232,2,1,2024-08-15,,5,2024-10-29 15:11:09.407465,2025-11-05 20:27:09.725287
233,233,5,1,2024-11-15,,1,2025-03-01 08:46:56.096792,2025-11-05 20:27:09.725610
234,234,2,1,2024-01-27,,1,2025-01-07 22:03:25.821988,2025-11-05 20:27:09.725942
235,235,2,1,2025-07-29,,2,2025-01-30 17:11:15.194603,2025-11-05 20:27:09.726276
236,236,3,1,2024-01-02,,1,2024-12-27 10:51:13.430784,2025-11-05 20:27:09.726629
237,237,1,1,2024-01-06,2024-01-13,1,2024-08-21 13:28:42.487714,2025-11-05 20:27:09.726958
238,238,2,1,2025-01-11,,1,2024-05-13 01:31:48.964508,2025-11-05 20:27:09.727289
239,239,2,1,2024-10-28,,1,2025-03-20 04:50:25.775171,2025-11-05 20:27:09.727610
240,240,5,1,2024-06-05,,1,2025-08-21 09:30:28.684727,2025-11-05 20:27:09.727936
241,241,2,1,2024-03-16,,1,2024-03-23 14:33:08.269580,2025-11-05 20:27:09.728229
242,242,2,1,2025-06-10,,1,2023-11-21 15:43:11.635674,2025-11-05 20:27:09.728603
243,243,2,1,2024-01-29,,1,2025-03-17 17:29:06.453629,2025-11-05 20:27:09.728927
244,244,2,1,2024-11-11,,2,2024-08-19 22:14:00.575492,2025-11-05 20:27:09.729248
245,245,2,1,2023-12-31,,1,2025-04-05 02:24:34.570050,2025-11-05 20:27:09.729567
246,246,4,1,2025-04-18,,1,2024-10-25 12:42:52.712122,2025-11-05 20:27:09.729858
247,247,1,1,2024-12-24,2024-12-31,1,2024-03-14 13:54:07.783770,2025-11-05 20:27:09.730179
248,248,2,1,2024-04-07,,1,2024-01-11 23:45:04.903614,2025-11-05 20:27:09.730504
249,249,5,1,2024-08-03,,1,2024-01-24 21:03:44.255852,2025-11-05 20:27:09.730828
250,250,3,1,2023-12-10,,1,2025-09-13 17:09:02.823046,2025-11-05 20:27:09.731122
251,251,3,1,2024-04-29,,1,2025-07-05 18:14:01.925554,2025-11-05 20:27:09.731442
252,252,3,1,2024-07-23,,1,2024-07-29 13:46:38.416113,2025-11-05 20:27:09.731764
253,253,2,1,2025-08-27,,1,2024-04-07 19:27:49.770845,2025-11-05 20:27:09.732088
254,254,2,1,2024-07-24,,1,2025-08-15 20:40:18.871288,2025-11-05 20:27:09.732406
255,255,3,1,2024-06-14,,1,2024-06-22 20:32:14.598594,2025-11-05 20:27:09.732722
256,256,4,1,2025-10-28,,1,2023-12-30 14:24:07.935419,2025-11-05 20:27:09.733036
257,257,2,1,2025-03-15,,1,2025-02-18 11:41:59.292464,2025-11-05 20:27:09.733428
258,258,2,1,2025-06-26,,1,2024-06-17 09:58:00.068681,2025-11-05 20:27:09.734087
259,259,5,1,2025-05-07,,1,2025-08-17 18:48:31.613600,2025-11-05 20:27:09.734427
260,260,3,1,2024-07-05,,1,2024-02-16 11:20:32.238543,2025-11-05 20:27:09.734752
261,261,2,1,2025-05-17,,1,2025-05-16 16:41:22.708874,2025-11-05 20:27:09.735074
262,262,2,1,2023-12-24,,1,2025-08-26 01:46:23.028496,2025-11-05 20:27:09.735394
263,263,3,1,2025-10-14,,3,2024-03-08 22:16:44.735155,2025-11-05 20:27:09.735774
264,264,2,1,2024-12-05,,1,2024-08-06 19:33:17.301284,2025-11-05 20:27:09.736115
265,265,3,1,2023-12-01,,1,2024-04-01 17:38:54.007104,2025-11-05 20:27:09.736434
266,266,4,1,2025-08-14,,1,2024-05-08 11:55:07.099665,2025-11-05 20:27:09.737195
267,267,3,1,2025-03-20,,1,2025-07-06 19:59:53.248375,2025-11-05 20:27:09.737669
268,268,5,1,2024-04-23,,5,2025-07-21 20:04:30.931752,2025-11-05 20:27:09.738004
269,269,2,1,2025-04-12,,1,2024-04-02 02:28:02.513959,2025-11-05 20:27:09.738328
270,270,2,1,2024-05-06,,1,2025-06-24 09:01:40.030061,2025-11-05 20:27:09.738647
271,271,2,1,2025-08-25,,1,2024-12-12 11:17:41.067031,2025-11-05 20:27:09.738938
272,272,2,1,2024-04-29,,1,2024-03-10 05:04:25.773049,2025-11-05 20:27:09.739256
273,273,3,1,2025-01-27,,1,2024-10-17 22:45:53.935317,2025-11-05 20:27:09.739575
274,274,3,1,2025-01-15,,1,2024-04-07 16:29:27.409729,2025-11-05 20:27:09.739866
275,275,5,1,2024-05-27,,1,2025-07-04 05:19:09.290584,2025-11-05 20:27:09.740211
276,276,3,1,2025-04-17,,1,2024-10-23 19:58:01.729264,2025-11-05 20:27:09.740532
277,277,3,1,2024-07-05,,1,2024-06-09 01:26:28.990492,2025-11-05 20:27:09.740827
278,278,1,1,2023-11-24,2023-12-01,1,2024-07-26 14:37:21.832196,2025-11-05 20:27:09.741272
279,279,5,1,2023-11-27,,1,2025-06-01 03:53:18.748185,2025-11-05 20:27:09.741601
280,280,2,1,2025-05-14,,4,2024-05-05 14:14:19.710725,2025-11-05 20:27:09.741923
281,281,3,1,2024-03-26,,1,2024-07-01 06:58:32.476955,2025-11-05 20:27:09.742243
282,282,3,1,2025-01-30,,1,2025-01-13 08:47:28.902478,2025-11-05 20:27:09.742563
283,283,1,1,2025-09-20,2025-09-27,1,2024-02-12 02:47:30.936294,2025-11-05 20:27:09.742854
284,284,3,1,2025-09-28,,1,2025-07-22 11:14:53.625349,2025-11-05 20:27:09.743239
285,285,3,1,2025-02-09,,2,2025-03-12 07:28:38.034101,2025-11-05 20:27:09.743573
286,286,3,1,2025-09-02,,1,2023-12-19 07:28:38.568925,2025-11-05 20:27:09.743893
287,287,2,1,2024-09-12,,1,2024-05-31 20:31:19.103403,2025-11-05 20:27:09.744211
288,288,3,1,2024-07-17,,1,2025-03-24 22:02:08.660648,2025-11-05 20:27:09.744525
289,289,3,1,2025-05-01,,1,2025-03-02 09:07:26.031596,2025-11-05 20:27:09.744841
290,290,2,1,2024-07-01,,1,2024-08-17 06:39:04.051839,2025-11-05 20:27:09.745156
291,291,5,1,2024-10-23,,1,2024-10-29 04:29:39.960409,2025-11-05 20:27:09.745472
292,292,3,1,2024-09-02,,1,2025-01-08 14:53:09.625126,2025-11-05 20:27:09.745759
293,293,2,1,2025-02-01,,1,2025-01-09 04:46:46.263927,2025-11-05 20:27:09.746078
294,294,4,1,2025-04-11,,2,2025-10-06 09:02:13.892890,2025-11-05 20:27:09.746401
295,295,2,1,2024-05-05,,1,2025-06-24 02:14:47.589193,2025-11-05 20:27:09.746719
296,296,3,1,2025-09-12,,1,2025-06-22 08:08:44.937479,2025-11-05 20:27:09.747011
297,297,3,1,2024-04-01,,1,2024-02-26 22:10:13.685987,2025-11-05 20:27:09.747329
298,298,3,1,2025-04-10,,1,2024-09-14 04:16:43.396841,2025-11-05 20:27:09.747621
299,299,2,1,2025-07-02,,5,2025-04-22 12:32:11.245554,2025-11-05 20:27:09.747910
300,300,5,1,2023-11-14,,1,2025-01-08 19:56:19.655352,2025-11-05 20:27:09.748228
301,301,2,1,2024-02-19,,1,2023-11-07 12:10:08.539919,2025-11-05 20:27:09.748544
302,302,1,1,2024-12-22,2024-12-29,1,2024-04-03 15:48:28.651260,2025-11-05 20:27:09.748862
303,303,3,1,2024-07-27,,1,2024-10-12 14:29:34.062474,2025-11-05 20:27:09.749186
304,304,2,1,2025-09-16,,1,2025-04-26 02:12:30.279233,2025-11-05 20:27:09.749503
305,305,3,1,2025-04-01,,1,2023-11-21 06:28:08.888909,2025-11-05 20:27:09.749794
306,306,4,1,2025-02-03,,1,2025-08-10 08:01:19.572133,2025-11-05 20:27:09.750115
307,307,3,1,2024-11-02,,1,2025-03-11 21:02:00.214808,2025-11-05 20:27:09.750433
308,308,2,1,2025-10-08,,1,2024-07-20 04:41:38.990512,2025-11-05 20:27:09.750983
309,309,3,1,2025-03-10,,1,2024-05-19 02:03:12.273686,2025-11-05 20:27:09.751434
310,310,2,1,2024-08-15,,1,2025-04-25 09:07:44.451041,2025-11-05 20:27:09.751740
311,311,1,1,2025-07-17,2025-07-24,1,2025-04-09 16:49:59.613675,2025-11-05 20:27:09.752068
312,312,2,1,2023-12-30,,1,2025-07-20 09:08:34.465656,2025-11-05 20:27:09.752394
313,313,2,1,2024-09-13,,3,2024-10-09 02:21:54.049474,2025-11-05 20:27:09.752687
314,314,2,1,2025-04-30,,1,2024-10-12 15:36:19.117768,2025-11-05 20:27:09.753033
315,315,2,1,2024-07-30,,1,2024-10-22 05:58:16.974867,2025-11-05 20:27:09.753345
316,316,2,1,2024-04-02,,1,2024-01-30 13:02:30.844660,2025-11-05 20:27:09.753670
317,317,3,1,2025-01-30,,1,2025-03-19 10:49:42.614861,2025-11-05 20:27:09.753992
318,318,2,1,2025-06-25,,1,2024-04-21 17:42:10.454675,2025-11-05 20:27:09.754322
319,319,3,1,2024-10-30,,1,2025-06-07 12:19:33.975491,2025-11-05 20:27:09.754643
320,320,2,1,2025-06-15,,1,2024-05-05 12:53:52.103216,2025-11-05 20:27:09.754933
321,321,2,1,2025-03-14,,1,2024-02-15 04:21:07.049409,2025-11-05 20:27:09.755253
322,322,2,1,2025-09-04,,3,2025-07-27 20:46:43.370130,2025-11-05 20:27:09.755569
323,323,3,1,2024-01-24,,1,2025-07-27 06:22:40.572609,2025-11-05 20:27:09.755886
324,324,4,1,2025-08-23,,1,2024-05-10 19:53:37.769029,2025-11-05 20:27:09.756414
325,325,3,1,2024-09-15,,1,2024-08-23 14:08:46.475327,2025-11-05 20:27:09.756855
326,326,3,1,2024-05-22,,1,2023-11-29 10:21:20.878317,2025-11-05 20:27:09.757193
327,327,3,1,2024-11-29,,1,2025-01-15 00:41:16.123900,2025-11-05 20:27:09.757535
328,328,3,1,2024-06-15,,2,2025-03-12 05:23:53.516004,2025-11-05 20:27:09.758002
329,329,2,1,2025-01-06,,1,2024-01-24 18:59:03.352776,2025-11-05 20:27:09.758328
330,330,1,1,2025-06-08,2025-06-15,1,2024-06-07 02:23:05.515288,2025-11-05 20:27:09.758629
331,331,2,1,2024-11-16,,1,2024-10-29 03:43:31.660239,2025-11-05 20:27:09.758954
332,332,4,1,2025-06-01,,1,2023-11-16 17:32:39.777424,2025-11-05 20:27:09.759326
333,333,3,1,2025-07-26,,1,2025-02-22 20:11:33.781276,2025-11-05 20:27:09.759701
334,334,4,1,2025-06-16,,1,2025-09-14 18:04:22.049247,2025-11-05 20:27:09.760071
335,335,1,1,2023-11-23,2023-11-30,1,2024-08-01 04:47:42.493055,2025-11-05 20:27:09.760389
336,336,2,1,2025-05-14,,1,2024-12-08 16:29:46.476686,2025-11-05 20:27:09.760710
337,337,5,1,2024-02-29,,1,2025-08-20 00:40:30.119890,2025-11-05 20:27:09.761032
338,338,3,1,2025-10-11,,1,2024-12-23 17:59:48.497764,2025-11-05 20:27:09.761351
339,339,2,1,2024-02-19,,1,2024-02-09 07:06:50.541756,2025-11-05 20:27:09.761640
340,340,1,1,2024-11-20,2024-11-27,1,2023-11-24 20:06:23.180967,2025-11-05 20:27:09.762036
341,341,3,1,2024-02-02,,1,2024-08-07 08:16:56.006990,2025-11-05 20:27:09.762381
342,342,1,1,2024-08-03,2024-08-10,4,2025-08-24 04:54:02.006515,2025-11-05 20:27:09.762699
343,343,1,1,2025-05-03,2025-05-10,1,2024-09-18 13:32:10.868347,2025-11-05 20:27:09.763018
344,344,2,1,2025-08-17,,1,2024-05-23 11:28:46.349023,2025-11-05 20:27:09.763347
345,345,4,1,2025-09-16,,1,2024-10-26 20:34:12.303026,2025-11-05 20:27:09.763665
346,346,2,1,2025-02-04,,1,2025-03-19 06:37:28.328759,2025-11-05 20:27:09.763984
347,347,2,1,2025-02-25,,1,2024-02-12 06:09:22.128480,2025-11-05 20:27:09.764273
348,348,1,1,2025-07-16,2025-07-23,1,2025-01-31 09:57:23.683474,2025-11-05 20:27:09.764592
349,349,2,1,2024-12-30,,1,2024-10-12 22:32:10.678951,2025-11-05 20:27:09.764914
350,350,2,1,2024-02-18,,1,2025-09-10 00:57:18.215311,2025-11-05 20:27:09.765233
351,351,5,1,2025-06-21,,1,2024-09-17 03:43:56.838986,2025-11-05 20:27:09.765551
352,352,2,1,2024-01-15,,1,2024-09-15 20:01:07.731507,2025-11-05 20:27:09.765841
353,353,4,1,2024-07-17,,2,2025-04-22 04:22:07.189363,2025-11-05 20:27:09.766166
354,354,3,1,2024-11-19,,1,2025-04-04 13:55:00.057850,2025-11-05 20:27:09.766488
355,355,3,1,2024-09-12,,1,2023-12-22 09:15:10.657203,2025-11-05 20:27:09.766784
356,356,3,1,2025-03-14,,1,2023-11-07 06:24:18.834423,2025-11-05 20:27:09.767103
357,357,4,1,2024-08-09,,1,2024-04-12 09:48:41.958342,2025-11-05 20:27:09.767422
358,358,5,1,2025-03-17,,1,2025-09-23 17:57:01.557562,2025-11-05 20:27:09.768004
359,359,2,1,2025-09-09,,1,2025-05-22 04:05:33.650651,2025-11-05 20:27:09.768385
360,360,3,1,2024-10-30,,2,2024-08-20 20:48:12.524724,2025-11-05 20:27:09.768718
361,361,1,1,2024-01-31,2024-02-07,2,2023-11-16 02:40:51.700589,2025-11-05 20:27:09.769045
362,362,1,1,2025-06-08,2025-06-15,1,2025-04-06 19:07:01.066186,2025-11-05 20:27:09.769384
363,363,2,1,2025-09-02,,1,2025-09-19 12:51:21.968357,2025-11-05 20:27:09.769684
364,364,5,1,2025-03-24,,1,2024-10-20 02:38:34.180817,2025-11-05 20:27:09.770107
365,365,1,1,2025-01-22,2025-01-29,1,2023-11-26 10:33:22.606917,2025-11-05 20:27:09.770499
366,366,2,1,2025-07-10,,1,2024-06-27 12:26:22.444422,2025-11-05 20:27:09.770827
367,367,3,1,2024-02-26,,1,2025-01-28 12:08:43.524943,2025-11-05 20:27:09.771147
368,368,3,1,2025-06-17,,1,2024-02-13 06:11:01.798461,2025-11-05 20:27:09.771466
369,369,1,1,2025-09-29,2025-10-06,1,2024-06-03 10:38:04.133151,2025-11-05 20:27:09.771784
370,370,3,1,2024-11-05,,1,2024-03-31 19:38:02.561686,2025-11-05 20:27:09.772104
371,371,4,1,2025-09-21,,5,2025-08-04 02:19:29.437964,2025-11-05 20:27:09.772403
372,372,3,1,2024-03-26,,1,2024-03-11 07:37:33.168690,2025-11-05 20:27:09.772725
373,373,1,1,2025-06-24,2025-07-01,1,2024-04-29 17:01:27.005070,2025-11-05 20:27:09.773050
374,374,3,1,2025-08-29,,1,2024-02-14 05:56:42.555148,2025-11-05 20:27:09.773371
375,375,3,1,2025-02-14,,1,2024-07-18 15:41:28.675334,2025-11-05 20:27:09.773695
376,376,4,1,2024-06-21,,1,2025-07-26 23:56:39.163967,2025-11-05 20:27:09.774014
377,377,5,1,2025-09-26,,2,2024-01-16 17:35:34.135675,2025-11-05 20:27:09.774488
378,378,2,1,2024-07-20,,4,2024-12-24 05:23:46.024790,2025-11-05 20:27:09.774810
379,379,2,1,2024-11-16,,1,2024-11-23 09:44:57.266327,2025-11-05 20:27:09.775157
380,380,3,1,2025-07-20,,1,2024-09-11 03:08:45.646246,2025-11-05 20:27:09.775486
381,381,2,1,2025-09-05,,1,2024-10-26 02:30:47.441375,2025-11-05 20:27:09.775788
382,382,1,1,2024-04-24,2024-05-01,1,2024-06-26 22:24:15.814143,2025-11-05 20:27:09.776091
383,383,2,1,2024-08-13,,2,2024-09-28 04:06:01.699000,2025-11-05 20:27:09.776420
384,384,3,1,2023-11-25,,1,2024-11-25 03:56:13.165992,2025-11-05 20:27:09.776749
385,385,3,1,2024-07-25,,3,2025-09-24 03:29:00.247122,2025-11-05 20:27:09.777074
386,386,3,1,2025-01-28,,1,2025-06-30 17:35:01.351750,2025-11-05 20:27:09.777394
387,387,2,1,2025-05-16,,1,2024-03-18 11:33:02.258963,2025-11-05 20:27:09.777689
388,388,3,1,2025-05-11,,1,2023-11-07 11:11:07.654541,2025-11-05 20:27:09.778009
389,389,2,1,2025-10-04,,1,2024-12-14 04:44:25.676295,2025-11-05 20:27:09.778325
390,390,3,1,2025-08-07,,3,2025-07-28 10:45:29.237324,2025-11-05 20:27:09.778642
391,391,4,1,2024-03-15,,1,2024-02-17 17:41:17.682393,2025-11-05 20:27:09.778962
392,392,3,1,2024-10-07,,1,2024-02-24 17:00:36.046933,2025-11-05 20:27:09.779284
393,393,2,1,2025-04-23,,1,2025-07-12 03:41:49.270558,2025-11-05 20:27:09.779818
394,394,3,1,2024-10-31,,1,2024-10-31 19:00:08.258538,2025-11-05 20:27:09.780166
395,395,3,1,2024-05-23,,1,2023-12-29 15:14:29.682855,2025-11-05 20:27:09.780504
396,396,3,1,2025-09-17,,1,2024-12-27 09:16:16.129419,2025-11-05 20:27:09.780838
397,397,3,1,2024-12-05,,4,2024-08-05 09:58:39.543359,2025-11-05 20:27:09.781162
398,398,3,1,2024-11-17,,1,2025-04-11 11:58:23.230784,2025-11-05 20:27:09.781487
399,399,2,1,2024-01-05,,1,2023-12-19 13:05:02.719078,2025-11-05 20:27:09.781807
400,400,5,1,2024-08-22,,1,2024-06-16 09:11:40.214650,2025-11-05 20:27:09.782125
401,401,5,1,2025-09-21,,1,2025-03-12 15:04:46.948232,2025-11-05 20:27:09.782422
402,402,4,1,2024-10-03,,1,2025-09-26 11:43:09.095662,2025-11-05 20:27:09.782744
403,403,5,1,2025-06-13,,1,2023-12-27 09:53:02.063657,2025-11-05 20:27:09.783064
404,404,4,1,2024-12-19,,1,2024-08-11 12:20:22.282981,2025-11-05 20:27:09.783382
405,405,5,1,2025-05-08,,1,2024-02-06 03:15:11.409837,2025-11-05 20:27:09.783699
406,406,3,1,2024-07-07,,2,2024-01-29 16:50:18.916404,2025-11-05 20:27:09.784037
407,407,2,1,2024-06-21,,2,2024-04-16 08:54:14.918713,2025-11-05 20:27:09.785183
408,408,4,1,2024-02-21,,1,2024-04-06 19:13:41.937608,2025-11-05 20:27:09.785538
409,409,2,1,2025-03-27,,1,2024-03-12 15:03:29.809142,2025-11-05 20:27:09.785863
410,410,1,1,2025-03-25,2025-04-01,1,2024-12-18 14:52:44.801633,2025-11-05 20:27:09.786185
411,411,1,1,2025-02-26,2025-03-05,1,2025-09-19 14:30:19.039691,2025-11-05 20:27:09.786555
412,412,4,1,2024-04-02,,2,2025-06-03 08:30:39.290012,2025-11-05 20:27:09.786945
413,413,1,1,2025-05-29,2025-06-05,1,2024-07-14 08:05:38.421359,2025-11-05 20:27:09.787269
414,414,2,1,2025-06-13,,4,2023-11-21 17:16:45.791801,2025-11-05 20:27:09.787592
415,415,4,1,2024-02-25,,1,2025-05-25 09:14:08.193862,2025-11-05 20:27:09.788076
416,416,5,1,2025-08-01,,3,2025-05-06 16:51:56.365531,2025-11-05 20:27:09.788417
417,417,2,1,2024-05-21,,1,2024-10-18 04:12:18.913970,2025-11-05 20:27:09.788745
418,418,3,1,2025-03-18,,1,2025-08-16 07:13:35.803110,2025-11-05 20:27:09.789067
419,419,4,1,2025-02-03,,1,2023-12-01 01:10:31.003929,2025-11-05 20:27:09.789389
420,420,4,1,2025-03-03,,1,2024-03-21 20:13:49.499210,2025-11-05 20:27:09.789717
421,421,4,1,2024-10-24,,1,2025-05-07 14:46:49.297523,2025-11-05 20:27:09.790049
422,422,3,1,2024-12-12,,1,2024-07-04 17:25:20.944010,2025-11-05 20:27:09.790377
423,423,2,1,2024-11-11,,1,2024-05-10 01:22:10.212303,2025-11-05 20:27:09.790670
424,424,5,1,2024-11-11,,1,2025-02-09 11:18:35.682635,2025-11-05 20:27:09.791218
425,425,5,1,2024-01-09,,1,2025-05-21 16:35:26.688673,2025-11-05 20:27:09.791644
426,426,3,1,2024-06-08,,1,2024-09-08 22:53:55.113268,2025-11-05 20:27:09.791970
427,427,2,1,2025-01-03,,1,2023-11-15 08:08:02.264125,2025-11-05 20:27:09.792304
428,428,3,1,2024-06-21,,1,2024-10-24 09:58:07.218712,2025-11-05 20:27:09.792672
429,429,2,1,2024-10-28,,1,2025-06-30 09:06:47.176096,2025-11-05 20:27:09.792993
430,430,3,1,2025-05-05,,1,2024-01-31 00:34:36.608793,2025-11-05 20:27:09.793320
431,431,4,1,2024-10-03,,1,2023-11-09 15:43:59.072933,2025-11-05 20:27:09.793649
432,432,2,1,2023-12-14,,1,2024-12-24 19:25:56.932518,2025-11-05 20:27:09.793968
433,433,2,1,2024-01-21,,1,2024-10-17 14:25:51.037812,2025-11-05 20:27:09.794286
434,434,4,1,2024-04-21,,1,2025-08-07 10:14:24.489646,2025-11-05 20:27:09.794646
435,435,5,1,2024-02-12,,1,2024-03-19 02:01:53.559436,2025-11-05 20:27:09.794968
436,436,4,1,2025-05-18,,1,2024-06-07 12:18:00.837428,2025-11-05 20:27:09.795294
437,437,5,1,2025-08-10,,1,2024-01-09 14:50:56.295863,2025-11-05 20:27:09.795582
438,438,4,1,2025-07-25,,1,2025-05-18 06:49:53.027949,2025-11-05 20:27:09.795901
439,439,5,1,2025-03-08,,5,2024-03-26 13:37:40.666453,2025-11-05 20:27:09.796221
440,440,3,1,2024-12-03,,1,2024-09-22 19:40:29.665455,2025-11-05 20:27:09.796542
441,441,3,1,2024-07-29,,1,2025-08-13 13:16:18.436509,2025-11-05 20:27:09.796872
442,442,4,1,2025-08-16,,1,2024-12-03 01:40:13.474443,2025-11-05 20:27:09.797200
443,443,2,1,2024-06-08,,1,2024-11-08 02:48:57.713281,2025-11-05 20:27:09.797520
444,444,5,1,2025-04-14,,1,2024-06-19 10:11:30.156608,2025-11-05 20:27:09.797838
445,445,2,1,2025-01-06,,1,2024-02-02 07:48:49.790627,2025-11-05 20:27:09.798154
446,446,1,1,2024-02-23,2024-03-01,1,2024-04-23 14:25:38.324468,2025-11-05 20:27:09.798471
447,447,1,1,2024-11-19,2024-11-26,1,2024-10-11 14:53:50.030323,2025-11-05 20:27:09.798830
448,448,3,1,2024-11-09,,1,2025-08-16 10:14:14.532054,2025-11-05 20:27:09.799154
449,449,5,1,2025-07-02,,1,2024-04-04 15:11:35.321743,2025-11-05 20:27:09.799472
450,450,5,1,2024-11-02,,1,2025-07-22 02:01:58.136765,2025-11-05 20:27:09.799790
451,451,5,1,2025-10-06,,1,2024-03-06 01:05:42.612321,2025-11-05 20:27:09.800108
452,452,2,1,2025-01-23,,1,2025-09-08 21:13:06.278122,2025-11-05 20:27:09.800424
453,453,4,1,2023-12-06,,2,2024-01-15 11:17:13.023354,2025-11-05 20:27:09.800739
454,454,1,1,2023-11-19,2023-11-26,1,2025-04-22 12:49:41.580654,2025-11-05 20:27:09.801542
455,455,1,1,2025-03-07,2025-03-14,1,2024-03-30 07:53:09.413978,2025-11-05 20:27:09.801896
456,456,4,1,2024-03-26,,1,2025-02-08 08:15:19.359536,2025-11-05 20:27:09.802224
457,457,3,1,2024-12-20,,1,2024-01-04 06:04:03.011565,2025-11-05 20:27:09.802546
458,458,5,1,2025-08-17,,1,2025-06-19 09:01:49.335034,2025-11-05 20:27:09.802852
459,459,2,1,2024-04-03,,1,2024-12-08 15:17:17.970899,2025-11-05 20:27:09.803176
460,460,2,1,2025-04-22,,1,2025-04-28 23:49:03.731314,2025-11-05 20:27:09.803497
461,461,2,1,2025-05-02,,1,2025-07-06 05:19:48.823563,2025-11-05 20:27:09.803787
462,462,3,1,2025-05-10,,1,2025-03-19 02:25:16.098299,2025-11-05 20:27:09.804107
463,463,2,1,2024-03-16,,1,2024-04-14 08:21:15.226434,2025-11-05 20:27:09.804426
464,464,1,1,2024-04-13,2024-04-20,1,2025-02-09 01:45:25.859322,2025-11-05 20:27:09.804745
465,465,2,1,2023-12-27,,1,2024-12-15 22:44:21.834525,2025-11-05 20:27:09.805065
466,466,5,1,2025-05-22,,1,2024-12-03 00:25:04.730936,2025-11-05 20:27:09.805382
467,467,2,1,2024-03-03,,1,2024-09-05 07:35:24.484980,2025-11-05 20:27:09.805697
468,468,4,1,2025-06-12,,1,2025-06-08 14:08:28.352593,2025-11-05 20:27:09.805999
469,469,2,1,2025-08-19,,2,2024-04-07 14:27:23.308080,2025-11-05 20:27:09.806299
470,470,2,1,2024-10-06,,1,2025-02-10 13:45:56.611813,2025-11-05 20:27:09.806624
471,471,2,1,2024-11-09,,1,2024-04-13 15:23:41.316545,2025-11-05 20:27:09.806942
472,472,3,1,2025-07-19,,1,2024-06-15 23:16:23.644051,2025-11-05 20:27:09.807232
473,473,3,1,2025-06-27,,1,2024-07-11 15:41:33.871645,2025-11-05 20:27:09.807547
474,474,2,1,2024-02-15,,2,2025-02-14 09:08:28.060943,2025-11-05 20:27:09.808131
475,475,5,1,2024-01-30,,1,2024-10-20 20:14:41.981384,2025-11-05 20:27:09.808472
476,476,5,1,2024-01-12,,1,2024-07-23 19:56:58.408074,2025-11-05 20:27:09.808813
477,477,3,1,2025-03-05,,1,2024-04-09 04:29:14.351549,2025-11-05 20:27:09.809134
478,478,5,1,2024-10-15,,1,2023-12-07 05:34:19.001614,2025-11-05 20:27:09.809453
479,479,3,1,2025-07-31,,1,2025-09-22 17:36:45.836198,2025-11-05 20:27:09.809773
480,480,4,1,2025-09-30,,1,2024-09-05 21:29:36.576000,2025-11-05 20:27:09.810090
481,481,2,1,2023-11-30,,1,2025-05-27 19:03:08.408028,2025-11-05 20:27:09.810381
482,482,3,1,2025-08-16,,1,2024-06-16 00:03:44.958765,2025-11-05 20:27:09.810673
483,483,2,1,2025-02-05,,1,2025-04-23 04:11:21.094110,2025-11-05 20:27:09.810993
484,484,2,1,2024-12-31,,1,2025-02-12 07:41:26.596550,2025-11-05 20:27:09.811285
485,485,2,1,2024-01-29,,1,2025-04-02 19:46:43.714655,2025-11-05 20:27:09.811618
486,486,5,1,2024-05-18,,4,2024-08-12 09:57:44.445522,2025-11-05 20:27:09.812034
487,487,3,1,2025-01-09,,1,2024-09-25 00:52:47.562336,2025-11-05 20:27:09.812379
488,488,2,1,2025-01-18,,1,2025-10-05 00:23:35.888934,2025-11-05 20:27:09.812972
489,489,5,1,2025-04-03,,1,2024-01-04 08:05:33.003880,2025-11-05 20:27:09.813678
490,490,4,1,2025-04-05,,1,2024-08-16 01:06:21.320950,2025-11-05 20:27:09.814030
491,491,4,1,2025-01-02,,3,2024-04-15 22:04:58.005210,2025-11-05 20:27:09.814330
492,492,3,1,2025-07-11,,1,2025-04-03 03:13:56.435250,2025-11-05 20:27:09.814655
493,493,5,1,2024-08-21,,1,2024-07-28 20:03:10.608688,2025-11-05 20:27:09.814974
494,494,1,1,2025-06-17,2025-06-24,1,2024-08-15 21:14:46.693942,2025-11-05 20:27:09.815293
495,495,2,1,2025-07-17,,1,2025-03-08 13:31:25.152869,2025-11-05 20:27:09.815615
496,496,4,1,2024-03-11,,1,2024-12-06 22:50:55.537791,2025-11-05 20:27:09.815935
497,497,2,1,2025-04-03,,1,2024-05-25 14:18:58.208692,2025-11-05 20:27:09.816252
498,498,2,1,2025-01-06,,1,2025-01-21 17:39:48.638675,2025-11-05 20:27:09.816570
499,499,1,1,2024-04-06,2024-04-13,1,2025-09-16 03:21:49.517328,2025-11-05 20:27:09.816861
500,500,2,1,2024-01-03,,1,2025-04-03 10:10:50.138977,2025-11-05 20:27:09.817183
501,501,2,1,2024-06-24,,1,2024-09-29 12:12:30.843873,2025-11-05 20:27:09.817502
502,502,3,1,2024-12-19,,2,2024-01-28 05:56:16.677732,2025-11-05 20:27:09.818076
503,503,3,1,2025-05-05,,5,2024-05-20 20:42:48.891647,2025-11-05 20:27:09.818434
504,504,3,1,2024-04-24,,3,2024-09-20 04:13:24.848758,2025-11-05 20:27:09.818740
505,505,3,1,2024-04-27,,1,2024-10-13 05:51:03.329684,2025-11-05 20:27:09.819065
506,506,2,1,2024-03-06,,1,2023-12-14 21:56:43.173396,2025-11-05 20:27:09.819386
507,507,4,1,2024-05-20,,1,2023-11-29 23:50:02.823235,2025-11-05 20:27:09.819698
508,508,2,1,2025-07-10,,1,2025-02-13 11:36:31.766703,2025-11-05 20:27:09.820195
509,509,2,1,2024-09-20,,2,2025-08-23 18:31:06.729387,2025-11-05 20:27:09.820508
510,510,4,1,2024-04-28,,4,2025-08-04 06:04:11.863621,2025-11-05 20:27:09.820842
511,511,1,1,2024-04-16,2024-04-23,1,2025-07-23 16:04:39.432120,2025-11-05 20:27:09.821166
512,512,1,1,2025-03-03,2025-03-10,4,2023-11-07 06:04:37.278230,2025-11-05 20:27:09.821492
513,513,5,1,2025-03-14,,1,2023-11-06 14:25:46.551538,2025-11-05 20:27:09.821817
514,514,2,1,2024-10-08,,1,2025-07-10 11:49:23.650350,2025-11-05 20:27:09.822140
515,515,5,1,2025-08-14,,1,2025-08-09 18:48:18.222617,2025-11-05 20:27:09.822473
516,516,4,1,2024-05-08,,5,2025-08-03 01:19:52.179483,2025-11-05 20:27:09.822804
517,517,3,1,2025-05-14,,1,2024-08-26 06:59:13.020291,2025-11-05 20:27:09.823122
518,518,2,1,2024-06-27,,1,2024-10-13 22:08:59.604235,2025-11-05 20:27:09.823448
519,519,3,1,2025-03-20,,1,2024-01-19 13:22:57.879722,2025-11-05 20:27:09.823780
520,520,4,1,2024-09-18,,1,2024-02-22 13:10:05.921573,2025-11-05 20:27:09.824098
521,521,1,1,2025-09-03,2025-09-10,4,2024-02-25 15:05:23.804920,2025-11-05 20:27:09.824596
522,522,2,1,2025-04-10,,1,2024-07-22 03:44:29.757313,2025-11-05 20:27:09.824942
523,523,3,1,2025-08-12,,3,2024-11-30 20:25:56.181928,2025-11-05 20:27:09.825270
524,524,3,1,2025-08-12,,4,2025-05-11 18:03:59.394854,2025-11-05 20:27:09.825592
525,525,2,1,2024-08-12,,1,2024-04-13 16:55:42.280080,2025-11-05 20:27:09.825911
526,526,5,1,2024-03-31,,1,2025-08-20 05:36:05.480964,2025-11-05 20:27:09.826229
527,527,2,1,2024-03-04,,4,2024-05-27 23:52:21.357677,2025-11-05 20:27:09.826550
528,528,4,1,2024-05-20,,1,2023-12-31 19:30:17.630356,2025-11-05 20:27:09.826870
529,529,2,1,2024-01-18,,1,2024-06-14 15:11:43.174607,2025-11-05 20:27:09.827192
530,530,1,1,2023-11-24,2023-12-01,1,2024-12-09 19:35:46.340359,2025-11-05 20:27:09.827509
531,531,5,1,2024-10-12,,1,2024-09-15 11:05:01.671421,2025-11-05 20:27:09.827802
532,532,2,1,2024-01-13,,3,2025-09-13 01:09:36.185267,2025-11-05 20:27:09.828123
533,533,5,1,2025-09-04,,1,2025-01-03 21:37:48.133933,2025-11-05 20:27:09.828442
534,534,3,1,2024-10-11,,1,2025-06-03 00:39:51.129136,2025-11-05 20:27:09.828734
535,535,2,1,2024-01-21,,2,2025-08-11 04:14:30.950559,2025-11-05 20:27:09.829025
536,536,3,1,2025-06-04,,1,2024-02-26 09:33:02.658947,2025-11-05 20:27:09.829345
537,537,2,1,2024-01-22,,1,2024-04-25 03:42:19.530882,2025-11-05 20:27:09.829664
538,538,3,1,2024-09-26,,4,2024-10-15 00:57:44.056297,2025-11-05 20:27:09.829979
539,539,1,1,2024-07-13,2024-07-20,1,2025-03-11 06:13:06.482816,2025-11-05 20:27:09.830269
540,540,5,1,2024-04-17,,1,2024-06-02 15:54:24.006973,2025-11-05 20:27:09.830562
541,541,3,1,2024-01-12,,1,2023-11-07 19:13:39.180497,2025-11-05 20:27:09.830936
542,542,5,1,2024-10-24,,1,2024-11-07 17:08:51.245703,2025-11-05 20:27:09.831246
543,543,3,1,2024-03-02,,1,2024-12-23 05:53:33.954640,2025-11-05 20:27:09.831567
544,544,3,1,2025-05-09,,1,2024-02-08 14:00:35.133009,2025-11-05 20:27:09.831885
545,545,1,1,2024-07-14,2024-07-21,1,2025-08-12 09:15:56.092758,2025-11-05 20:27:09.832200
546,546,3,1,2024-04-05,,1,2024-03-25 14:10:05.209026,2025-11-05 20:27:09.832534
547,547,1,1,2024-12-03,2024-12-10,1,2023-11-23 18:54:52.649283,2025-11-05 20:27:09.832852
548,548,1,1,2024-05-02,2024-05-09,1,2024-11-16 00:10:35.424393,2025-11-05 20:27:09.833173
549,549,2,1,2025-09-12,,1,2024-05-21 07:02:12.558167,2025-11-05 20:27:09.833491
550,550,4,1,2024-04-30,,1,2025-02-15 06:24:37.607106,2025-11-05 20:27:09.833807
551,551,3,1,2025-10-07,,1,2025-05-03 11:01:54.765026,2025-11-05 20:27:09.834122
552,552,2,1,2025-05-25,,1,2024-03-21 16:24:32.775973,2025-11-05 20:27:09.834745
553,553,3,1,2025-05-09,,1,2024-07-28 06:32:35.345639,2025-11-05 20:27:09.835068
554,554,2,1,2024-04-22,,1,2025-07-06 23:06:14.291376,2025-11-05 20:27:09.835371
555,555,4,1,2024-01-30,,1,2025-08-25 06:07:35.134721,2025-11-05 20:27:09.835688
556,556,5,1,2024-01-02,,5,2024-10-25 02:53:56.802680,2025-11-05 20:27:09.836010
557,557,2,1,2025-01-19,,2,2024-01-22 19:22:36.026680,2025-11-05 20:27:09.836334
558,558,3,1,2025-06-07,,1,2025-07-08 07:29:52.617297,2025-11-05 20:27:09.836655
559,559,4,1,2024-05-30,,1,2024-07-09 02:55:56.620003,2025-11-05 20:27:09.837157
560,560,3,1,2023-12-10,,1,2024-12-01 00:54:53.545455,2025-11-05 20:27:09.837713
561,561,2,1,2024-12-01,,1,2024-06-08 08:35:25.372088,2025-11-05 20:27:09.838068
562,562,4,1,2024-12-01,,1,2025-09-10 21:30:41.718763,2025-11-05 20:27:09.838397
563,563,2,1,2025-08-20,,1,2025-06-26 23:27:25.956712,2025-11-05 20:27:09.838722
564,564,3,1,2024-02-08,,1,2024-04-03 20:35:32.900537,2025-11-05 20:27:09.839047
565,565,3,1,2025-03-28,,1,2024-12-02 04:00:11.769463,2025-11-05 20:27:09.839371
566,566,2,1,2025-02-16,,1,2024-03-12 18:53:18.099551,2025-11-05 20:27:09.839707
567,567,2,1,2025-05-26,,1,2023-12-01 18:15:22.796260,2025-11-05 20:27:09.840001
568,568,2,1,2024-11-04,,1,2025-07-21 22:51:23.295276,2025-11-05 20:27:09.840325
569,569,3,1,2024-04-26,,1,2024-04-15 07:54:12.458707,2025-11-05 20:27:09.840650
570,570,2,1,2024-11-04,,1,2023-11-17 17:17:18.444781,2025-11-05 20:27:09.841122
571,571,4,1,2024-04-02,,1,2024-01-27 14:41:12.231354,2025-11-05 20:27:09.841500
572,572,2,1,2025-04-05,,1,2024-07-27 00:46:29.097168,2025-11-05 20:27:09.841804
573,573,2,1,2025-10-28,,1,2024-10-11 21:50:32.071475,2025-11-05 20:27:09.842133
574,574,4,1,2025-03-13,,1,2025-07-02 11:17:41.978767,2025-11-05 20:27:09.842457
575,575,5,1,2024-12-30,,1,2024-10-09 11:03:14.054462,2025-11-05 20:27:09.842776
576,576,4,1,2025-10-25,,1,2024-12-21 08:54:41.117747,2025-11-05 20:27:09.843139
577,577,4,1,2024-09-21,,2,2023-11-28 11:09:22.154674,2025-11-05 20:27:09.843455
578,578,2,1,2024-09-29,,1,2025-06-25 23:10:29.314553,2025-11-05 20:27:09.843772
579,579,1,1,2024-06-18,2024-06-25,1,2024-05-03 08:31:22.972980,2025-11-05 20:27:09.844089
580,580,4,1,2023-12-08,,1,2025-01-20 14:37:13.691611,2025-11-05 20:27:09.844433
581,581,2,1,2024-01-20,,1,2024-12-14 18:55:39.242657,2025-11-05 20:27:09.844758
582,582,3,1,2025-02-01,,1,2025-07-16 16:40:42.737196,2025-11-05 20:27:09.845086
583,583,2,1,2024-03-11,,1,2025-01-28 10:11:30.043085,2025-11-05 20:27:09.845404
584,584,4,1,2025-04-25,,1,2023-11-25 01:17:14.247831,2025-11-05 20:27:09.845728
585,585,3,1,2024-09-14,,1,2025-01-09 00:09:10.874007,2025-11-05 20:27:09.846044
586,586,5,1,2023-11-12,,1,2024-04-22 09:51:21.871194,2025-11-05 20:27:09.846362
587,587,1,1,2023-12-25,2024-01-01,1,2024-07-01 04:40:22.303456,2025-11-05 20:27:09.846653
588,588,3,1,2025-08-17,,1,2024-12-21 01:02:19.855177,2025-11-05 20:27:09.846974
589,589,2,1,2025-03-01,,4,2024-10-06 04:08:00.491431,2025-11-05 20:27:09.847262
590,590,4,1,2025-06-16,,1,2024-07-21 03:04:19.831413,2025-11-05 20:27:09.847578
591,591,3,1,2025-07-25,,1,2024-12-18 08:37:24.234684,2025-11-05 20:27:09.847893
592,592,2,1,2024-01-09,,1,2024-05-19 11:30:11.900189,2025-11-05 20:27:09.848207
593,593,2,1,2025-03-14,,1,2024-01-10 10:55:33.444663,2025-11-05 20:27:09.848520
594,594,3,1,2024-07-06,,1,2024-01-27 02:07:30.296014,2025-11-05 20:27:09.848814
595,595,1,1,2024-01-15,2024-01-22,1,2025-10-03 15:10:17.975176,2025-11-05 20:27:09.849139
596,596,2,1,2025-02-26,,2,2025-07-21 17:02:37.151349,2025-11-05 20:27:09.849479
597,597,1,1,2025-06-03,2025-06-10,1,2025-07-11 16:38:15.068627,2025-11-05 20:27:09.849799
598,598,3,1,2024-05-26,,1,2025-02-13 13:41:32.728305,2025-11-05 20:27:09.850121
599,599,3,1,2025-10-01,,1,2023-12-03 23:06:06.017215,2025-11-05 20:27:09.850439
600,600,3,1,2024-02-02,,1,2024-10-07 02:40:05.867669,2025-11-05 20:27:09.850761
601,601,5,1,2024-01-02,,1,2024-06-05 04:04:11.291592,2025-11-05 20:27:09.851663
602,602,2,1,2024-03-29,,1,2024-04-06 11:50:38.936464,2025-11-05 20:27:09.852253
603,603,2,1,2024-12-02,,1,2025-08-14 12:28:06.913036,2025-11-05 20:27:09.852994
604,604,2,1,2025-06-10,,1,2024-11-29 13:30:04.535402,2025-11-05 20:27:09.853894
605,605,4,1,2024-02-08,,1,2024-10-10 02:57:17.220083,2025-11-05 20:27:09.854387
606,606,3,1,2024-10-28,,1,2024-09-11 08:31:47.058986,2025-11-05 20:27:09.854939
607,607,5,1,2025-04-22,,1,2024-06-12 03:13:16.018075,2025-11-05 20:27:09.855657
608,608,5,1,2024-02-28,,4,2024-05-12 05:54:55.512125,2025-11-05 20:27:09.856170
609,609,2,1,2025-03-13,,1,2024-01-24 17:59:41.016474,2025-11-05 20:27:09.856836
610,610,3,1,2024-05-01,,1,2024-05-12 16:41:51.164926,2025-11-05 20:27:09.857381
611,611,5,1,2023-11-08,,1,2025-04-20 19:14:55.206326,2025-11-05 20:27:09.857923
612,612,2,1,2025-08-03,,1,2024-01-08 05:40:19.435251,2025-11-05 20:27:09.858382
613,613,3,1,2025-01-20,,1,2024-03-21 13:52:01.860650,2025-11-05 20:27:09.858725
614,614,2,1,2024-05-30,,1,2023-12-08 20:23:03.731262,2025-11-05 20:27:09.859153
615,615,3,1,2025-05-31,,2,2025-01-30 22:42:32.485304,2025-11-05 20:27:09.859675
616,616,5,1,2024-10-09,,1,2024-01-10 03:16:45.070913,2025-11-05 20:27:09.860120
617,617,4,1,2025-04-29,,1,2024-01-24 19:43:11.162615,2025-11-05 20:27:09.860446
618,618,3,1,2024-09-17,,1,2024-08-17 21:49:45.965512,2025-11-05 20:27:09.860770
619,619,3,1,2025-10-23,,1,2024-12-13 15:11:24.228572,2025-11-05 20:27:09.861092
620,620,4,1,2025-09-14,,1,2024-12-14 08:50:20.762272,2025-11-05 20:27:09.861495
621,621,1,1,2025-07-19,2025-07-26,1,2025-06-15 04:11:13.348276,2025-11-05 20:27:09.861938
622,622,2,1,2025-02-04,,1,2024-06-18 19:22:38.194953,2025-11-05 20:27:09.862474
623,623,5,1,2025-07-25,,1,2025-06-26 14:46:20.165207,2025-11-05 20:27:09.862807
624,624,4,1,2025-10-10,,1,2025-07-22 14:02:16.188238,2025-11-05 20:27:09.863101
625,625,4,1,2024-11-08,,1,2024-12-31 07:11:01.665384,2025-11-05 20:27:09.863430
626,626,2,1,2024-02-12,,1,2024-09-17 07:54:58.130023,2025-11-05 20:27:09.863751
627,627,2,1,2024-11-05,,1,2024-03-31 16:35:27.685743,2025-11-05 20:27:09.864042
628,628,4,1,2024-03-16,,2,2024-04-11 06:16:01.321498,2025-11-05 20:27:09.864362
629,629,3,1,2024-01-18,,1,2023-11-22 04:33:50.239479,2025-11-05 20:27:09.864686
630,630,2,1,2025-05-16,,1,2024-02-02 20:16:03.476402,2025-11-05 20:27:09.865001
631,631,3,1,2024-03-23,,1,2025-01-10 17:39:16.890702,2025-11-05 20:27:09.865349
632,632,4,1,2025-07-27,,1,2025-04-16 05:31:52.568490,2025-11-05 20:27:09.865730
633,633,2,1,2024-11-10,,1,2023-12-10 23:22:47.254692,2025-11-05 20:27:09.866052
634,634,2,1,2025-10-10,,1,2025-05-13 04:53:28.370593,2025-11-05 20:27:09.866354
635,635,2,1,2024-01-25,,1,2024-08-04 07:57:28.932265,2025-11-05 20:27:09.866682
636,636,5,1,2025-08-08,,1,2025-01-31 06:18:24.103553,2025-11-05 20:27:09.867013
637,637,3,1,2024-05-17,,1,2025-03-16 08:18:52.774564,2025-11-05 20:27:09.867333
638,638,2,1,2023-12-24,,1,2025-01-20 08:49:26.107419,2025-11-05 20:27:09.867776
639,639,3,1,2025-07-07,,1,2024-03-18 09:30:59.653981,2025-11-05 20:27:09.868290
640,640,5,1,2025-06-26,,1,2024-01-12 05:54:01.883265,2025-11-05 20:27:09.868631
641,641,2,1,2024-04-20,,2,2024-02-05 14:31:04.436254,2025-11-05 20:27:09.868955
642,642,2,1,2025-10-14,,1,2024-12-02 14:16:46.842171,2025-11-05 20:27:09.869285
643,643,3,1,2025-10-27,,1,2025-01-04 19:40:46.485724,2025-11-05 20:27:09.869608
644,644,4,1,2024-09-11,,1,2025-05-29 10:54:18.132181,2025-11-05 20:27:09.869925
645,645,3,1,2023-12-16,,1,2024-03-17 10:35:46.111608,2025-11-05 20:27:09.870241
646,646,3,1,2025-01-13,,1,2025-09-20 14:50:58.360389,2025-11-05 20:27:09.870557
647,647,3,1,2024-04-25,,5,2025-01-06 13:58:58.501983,2025-11-05 20:27:09.870875
648,648,1,1,2025-09-25,2025-10-02,1,2025-04-15 23:58:13.719505,2025-11-05 20:27:09.871165
649,649,2,1,2024-10-17,,1,2023-11-09 02:17:08.370298,2025-11-05 20:27:09.871486
650,650,3,1,2025-06-15,,1,2025-05-07 12:18:47.686633,2025-11-05 20:27:09.871806
651,651,3,1,2024-12-04,,1,2024-03-25 17:11:33.441964,2025-11-05 20:27:09.872129
652,652,3,1,2024-05-27,,1,2023-11-29 05:40:04.878630,2025-11-05 20:27:09.872421
653,653,3,1,2024-12-05,,1,2025-05-18 16:48:20.064542,2025-11-05 20:27:09.872713
654,654,3,1,2025-10-25,,1,2025-03-13 22:40:42.387571,2025-11-05 20:27:09.873039
655,655,3,1,2024-08-24,,1,2024-08-29 19:34:52.658546,2025-11-05 20:27:09.873332
656,656,5,1,2025-02-16,,2,2023-12-03 11:29:31.234167,2025-11-05 20:27:09.873647
657,657,4,1,2024-10-28,,1,2024-01-03 16:14:07.135494,2025-11-05 20:27:09.873962
658,658,5,1,2024-04-11,,1,2025-09-02 13:01:40.622769,2025-11-05 20:27:09.874307
659,659,2,1,2025-01-27,,1,2025-09-16 14:50:07.350964,2025-11-05 20:27:09.874751
660,660,2,1,2025-06-28,,1,2025-03-09 00:36:28.787503,2025-11-05 20:27:09.875091
661,661,4,1,2024-11-07,,1,2023-12-15 08:36:44.328294,2025-11-05 20:27:09.875419
662,662,3,1,2024-06-05,,1,2025-09-06 01:27:38.900373,2025-11-05 20:27:09.875819
663,663,5,1,2025-06-21,,1,2025-04-04 08:43:59.255991,2025-11-05 20:27:09.876151
664,664,2,1,2025-06-10,,1,2025-09-28 18:59:19.910366,2025-11-05 20:27:09.876471
665,665,2,1,2025-06-09,,1,2024-09-14 21:12:52.095793,2025-11-05 20:27:09.876793
666,666,3,1,2024-12-28,,1,2025-03-28 17:23:52.962366,2025-11-05 20:27:09.877116
667,667,1,1,2024-08-24,2024-08-31,1,2023-11-20 10:56:27.151645,2025-11-05 20:27:09.877435
668,668,4,1,2025-06-28,,1,2025-08-07 23:53:02.834486,2025-11-05 20:27:09.877755
669,669,1,1,2025-02-09,2025-02-16,1,2025-10-06 01:35:01.129410,2025-11-05 20:27:09.878043
670,670,3,1,2025-08-06,,1,2023-12-23 10:23:17.641634,2025-11-05 20:27:09.878365
671,671,4,1,2024-03-14,,1,2023-12-08 11:54:42.755094,2025-11-05 20:27:09.878657
672,672,1,1,2024-11-10,2024-11-17,1,2024-03-02 19:55:06.342876,2025-11-05 20:27:09.878978
673,673,2,1,2025-05-14,,1,2024-06-06 16:19:10.176473,2025-11-05 20:27:09.879306
674,674,4,1,2025-01-17,,1,2025-08-31 13:36:52.424193,2025-11-05 20:27:09.879600
675,675,4,1,2025-07-27,,1,2024-12-22 12:28:35.470228,2025-11-05 20:27:09.879935
676,676,3,1,2025-02-02,,1,2025-02-24 15:17:20.818017,2025-11-05 20:27:09.880262
677,677,5,1,2025-05-18,,1,2025-09-18 05:07:52.119213,2025-11-05 20:27:09.880584
678,678,2,1,2025-05-04,,1,2025-07-20 13:45:55.357429,2025-11-05 20:27:09.880903
679,679,4,1,2025-09-08,,1,2024-03-24 10:18:01.646660,2025-11-05 20:27:09.881222
680,680,2,1,2024-08-21,,4,2025-09-10 18:05:01.521302,2025-11-05 20:27:09.881539
681,681,4,1,2023-12-30,,2,2025-06-29 07:18:43.619924,2025-11-05 20:27:09.881913
682,682,3,1,2024-06-19,,1,2025-06-13 21:13:58.691360,2025-11-05 20:27:09.882265
683,683,2,1,2024-07-12,,1,2024-04-02 12:19:36.803494,2025-11-05 20:27:09.882584
684,684,5,1,2024-12-16,,1,2024-07-22 05:15:09.188560,2025-11-05 20:27:09.882907
685,685,5,1,2024-07-17,,1,2023-11-14 18:54:16.646255,2025-11-05 20:27:09.883223
686,686,1,1,2024-01-15,2024-01-22,1,2025-03-03 02:34:22.006093,2025-11-05 20:27:09.883511
687,687,5,1,2024-12-29,,4,2024-11-09 09:29:04.091293,2025-11-05 20:27:09.883804
688,688,2,1,2025-02-03,,1,2024-12-09 10:46:00.610724,2025-11-05 20:27:09.884124
689,689,3,1,2024-08-25,,1,2025-01-20 04:17:06.024519,2025-11-05 20:27:09.884759
690,690,2,1,2025-04-28,,1,2025-02-12 01:34:49.809834,2025-11-05 20:27:09.885110
691,691,3,1,2025-02-03,,1,2025-09-26 21:18:45.631498,2025-11-05 20:27:09.885438
692,692,2,1,2024-02-01,,1,2025-06-07 14:30:00.112304,2025-11-05 20:27:09.885760
693,693,2,1,2024-03-10,,1,2024-11-29 10:54:53.882013,2025-11-05 20:27:09.886091
694,694,4,1,2024-12-21,,1,2025-02-11 18:48:06.690419,2025-11-05 20:27:09.886413
695,695,2,1,2025-04-12,,1,2024-03-07 01:43:53.784991,2025-11-05 20:27:09.886988
696,696,1,1,2025-08-02,2025-08-09,1,2023-11-07 17:26:59.707375,2025-11-05 20:27:09.887399
697,697,2,1,2024-02-16,,5,2024-11-09 04:57:55.791818,2025-11-05 20:27:09.887737
698,698,4,1,2025-04-25,,1,2025-08-10 17:54:06.973970,2025-11-05 20:27:09.888034
699,699,3,1,2025-01-17,,1,2024-11-02 07:37:07.789180,2025-11-05 20:27:09.888357
700,700,2,1,2024-05-24,,1,2023-12-18 14:02:49.949505,2025-11-05 20:27:09.888679
701,701,1,1,2024-03-28,2024-04-04,1,2025-05-20 11:44:18.543228,2025-11-05 20:27:09.889000
702,702,3,1,2023-12-15,,1,2024-05-23 23:12:51.640588,2025-11-05 20:27:09.889338
703,703,2,1,2024-11-22,,1,2024-10-16 01:43:36.697877,2025-11-05 20:27:09.889666
704,704,4,1,2025-08-23,,1,2025-06-14 04:47:31.032202,2025-11-05 20:27:09.889986
705,705,1,1,2024-01-08,2024-01-15,3,2024-10-19 15:37:40.388041,2025-11-05 20:27:09.890529
706,706,5,1,2024-07-25,,1,2024-05-27 12:24:36.925554,2025-11-05 20:27:09.890837
707,707,1,1,2024-12-11,2024-12-18,4,2025-02-11 08:26:43.527852,2025-11-05 20:27:09.891159
708,708,2,1,2025-01-19,,5,2024-09-09 13:03:26.936292,2025-11-05 20:27:09.891484
709,709,1,1,2025-07-31,2025-08-07,1,2025-01-25 02:38:27.473741,2025-11-05 20:27:09.891802
710,710,3,1,2024-03-09,,1,2024-05-13 09:24:36.229223,2025-11-05 20:27:09.892126
711,711,2,1,2025-07-09,,1,2024-07-19 10:35:02.487369,2025-11-05 20:27:09.892529
712,712,3,1,2024-05-09,,1,2024-04-28 18:36:05.473454,2025-11-05 20:27:09.892859
713,713,1,1,2024-12-19,2024-12-26,1,2025-01-03 10:16:59.386467,2025-11-05 20:27:09.893185
714,714,3,1,2023-12-13,,1,2024-06-20 19:37:01.845311,2025-11-05 20:27:09.893509
715,715,2,1,2024-11-01,,1,2025-07-19 23:03:43.318629,2025-11-05 20:27:09.893842
716,716,3,1,2024-12-17,,1,2024-01-03 14:56:41.962739,2025-11-05 20:27:09.894176
717,717,2,1,2025-03-18,,1,2024-06-09 15:52:40.138059,2025-11-05 20:27:09.894476
718,718,2,1,2025-05-08,,1,2023-12-28 20:45:54.683785,2025-11-05 20:27:09.894797
719,719,3,1,2024-10-06,,1,2024-09-17 16:47:12.411116,2025-11-05 20:27:09.895114
720,720,2,1,2025-04-29,,1,2025-07-09 01:31:51.567603,2025-11-05 20:27:09.895466
721,721,3,1,2025-10-15,,1,2024-02-04 04:51:54.900198,2025-11-05 20:27:09.895801
722,722,3,1,2024-05-23,,1,2023-12-14 05:37:51.665410,2025-11-05 20:27:09.896116
723,723,3,1,2023-11-21,,3,2025-07-09 01:11:35.935533,2025-11-05 20:27:09.896403
724,724,2,1,2024-08-26,,1,2024-07-29 20:05:53.105373,2025-11-05 20:27:09.896720
725,725,4,1,2025-01-28,,1,2024-10-26 09:15:40.828121,2025-11-05 20:27:09.897036
726,726,2,1,2025-09-06,,1,2024-05-29 14:12:23.309791,2025-11-05 20:27:09.897353
727,727,4,1,2024-08-18,,1,2024-09-28 14:23:45.336338,2025-11-05 20:27:09.897673
728,728,2,1,2025-09-23,,1,2025-09-17 22:18:28.546586,2025-11-05 20:27:09.898023
729,729,3,1,2024-05-13,,1,2025-01-29 21:06:02.370481,2025-11-05 20:27:09.898372
730,730,3,1,2025-09-10,,1,2024-02-11 18:57:01.937117,2025-11-05 20:27:09.898662
731,731,1,1,2024-09-18,2024-09-25,1,2024-07-02 09:23:03.776520,2025-11-05 20:27:09.898980
732,732,2,1,2024-06-03,,1,2024-03-09 10:06:59.694541,2025-11-05 20:27:09.899303
733,733,5,1,2025-07-20,,4,2024-09-05 19:16:57.050088,2025-11-05 20:27:09.899594
734,734,2,1,2025-10-14,,1,2024-07-08 04:10:40.711959,2025-11-05 20:27:09.899912
735,735,3,1,2024-09-12,,1,2025-08-13 19:18:00.481400,2025-11-05 20:27:09.900498
736,736,1,1,2023-12-20,2023-12-27,1,2024-11-17 04:57:37.392402,2025-11-05 20:27:09.900942
737,737,2,1,2024-08-30,,1,2025-07-26 03:49:00.819849,2025-11-05 20:27:09.901257
738,738,1,1,2025-09-08,2025-09-15,1,2024-09-07 14:07:35.278325,2025-11-05 20:27:09.901582
739,739,5,1,2024-01-10,,1,2024-04-24 21:37:51.702496,2025-11-05 20:27:09.901909
740,740,4,1,2023-12-02,,1,2024-11-20 20:09:36.841553,2025-11-05 20:27:09.902231
741,741,2,1,2025-01-23,,1,2024-03-29 01:46:27.607791,2025-11-05 20:27:09.902573
742,742,3,1,2023-11-15,,1,2025-03-29 07:49:47.965034,2025-11-05 20:27:09.902901
743,743,3,1,2024-11-06,,1,2025-09-27 01:04:33.708672,2025-11-05 20:27:09.903223
744,744,5,1,2024-09-08,,1,2024-03-13 21:32:35.070153,2025-11-05 20:27:09.903542
745,745,1,1,2024-07-07,2024-07-14,1,2025-08-24 10:45:08.551405,2025-11-05 20:27:09.903862
746,746,5,1,2025-02-24,,2,2024-12-11 17:59:39.343498,2025-11-05 20:27:09.904183
747,747,3,1,2024-12-11,,1,2025-08-23 03:55:45.163739,2025-11-05 20:27:09.904500
748,748,3,1,2024-12-05,,1,2024-02-06 21:47:18.032628,2025-11-05 20:27:09.904791
749,749,4,1,2024-08-01,,1,2024-08-29 15:33:38.826187,2025-11-05 20:27:09.905111
750,750,2,1,2024-08-22,,1,2024-09-26 00:04:23.454620,2025-11-05 20:27:09.905405
751,751,2,1,2025-04-17,,1,2024-08-17 04:20:56.994522,2025-11-05 20:27:09.905698
752,752,3,1,2024-09-08,,1,2024-04-30 09:49:25.352522,2025-11-05 20:27:09.905997
753,753,4,1,2024-01-11,,1,2024-12-08 02:05:28.277929,2025-11-05 20:27:09.906328
754,754,2,1,2025-08-02,,1,2025-04-05 17:03:06.381662,2025-11-05 20:27:09.906651
755,755,1,1,2025-04-09,2025-04-16,1,2025-04-18 11:58:30.366967,2025-11-05 20:27:09.907168
756,756,1,1,2024-07-15,2024-07-22,1,2024-01-22 10:19:28.254802,2025-11-05 20:27:09.907509
757,757,1,1,2025-03-10,2025-03-17,1,2025-06-09 20:17:34.092667,2025-11-05 20:27:09.907810
758,758,4,1,2025-09-13,,4,2024-06-10 03:35:56.186045,2025-11-05 20:27:09.908136
759,759,4,1,2024-11-16,,1,2024-02-02 10:48:37.669512,2025-11-05 20:27:09.908457
760,760,1,1,2025-09-24,2025-10-01,1,2024-02-22 00:31:03.831479,2025-11-05 20:27:09.908749
761,761,5,1,2025-09-21,,1,2024-07-17 11:35:09.467496,2025-11-05 20:27:09.909074
762,762,3,1,2024-06-17,,2,2024-02-24 10:00:55.108677,2025-11-05 20:27:09.909396
763,763,1,1,2025-05-13,2025-05-20,1,2024-06-09 05:50:05.524714,2025-11-05 20:27:09.909687
764,764,5,1,2025-07-29,,1,2024-07-30 10:25:26.621711,2025-11-05 20:27:09.910010
765,765,5,1,2023-12-11,,1,2025-03-17 15:27:29.889776,2025-11-05 20:27:09.910329
766,766,3,1,2025-01-21,,1,2025-04-17 13:32:17.562308,2025-11-05 20:27:09.910646
767,767,2,1,2024-07-19,,1,2025-08-23 03:11:33.894302,2025-11-05 20:27:09.911028
768,768,2,1,2025-08-06,,1,2025-02-09 17:28:03.471925,2025-11-05 20:27:09.911334
769,769,1,1,2025-09-25,2025-10-02,3,2025-05-03 03:09:08.233001,2025-11-05 20:27:09.911655
770,770,1,1,2025-10-25,2025-11-01,1,2024-02-13 22:28:07.828805,2025-11-05 20:27:09.912013
771,771,1,1,2025-02-17,2025-02-24,4,2025-08-20 06:29:59.778250,2025-11-05 20:27:09.912335
772,772,2,1,2024-04-19,,1,2025-01-25 08:49:03.451833,2025-11-05 20:27:09.912655
773,773,3,1,2024-10-30,,1,2025-07-21 16:56:24.857115,2025-11-05 20:27:09.912973
774,774,3,1,2024-10-17,,1,2025-04-19 05:54:10.231336,2025-11-05 20:27:09.913305
775,775,2,1,2024-08-19,,5,2024-05-25 20:33:27.940683,2025-11-05 20:27:09.913623
776,776,4,1,2025-01-12,,1,2024-05-09 19:16:58.894798,2025-11-05 20:27:09.913937
777,777,1,1,2024-10-25,2024-11-01,1,2025-08-06 13:16:19.783169,2025-11-05 20:27:09.914251
778,778,1,1,2025-09-19,2025-09-26,1,2024-09-08 09:26:08.180216,2025-11-05 20:27:09.914568
779,779,1,1,2024-11-10,2024-11-17,1,2024-03-11 09:26:06.647192,2025-11-05 20:27:09.914900
780,780,5,1,2024-02-02,,5,2024-07-03 16:46:14.882226,2025-11-05 20:27:09.915279
781,781,3,1,2025-09-07,,1,2024-01-17 17:05:42.522573,2025-11-05 20:27:09.915600
782,782,3,1,2024-12-11,,1,2025-03-11 00:11:09.239751,2025-11-05 20:27:09.915891
783,783,1,1,2025-01-01,2025-01-08,1,2025-01-03 10:11:20.334300,2025-11-05 20:27:09.916211
784,784,1,1,2025-05-18,2025-05-25,2,2024-07-29 20:51:43.579896,2025-11-05 20:27:09.916531
785,785,3,1,2025-02-18,,1,2023-11-19 07:35:02.734244,2025-11-05 20:27:09.916880
786,786,3,1,2024-09-21,,1,2025-07-11 03:01:35.433050,2025-11-05 20:27:09.917206
787,787,3,1,2025-05-22,,1,2024-11-17 17:38:39.959390,2025-11-05 20:27:09.917606
788,788,3,1,2024-06-09,,1,2025-06-08 07:49:48.453623,2025-11-05 20:27:09.918126
789,789,5,1,2024-08-06,,1,2024-12-08 20:36:26.689993,2025-11-05 20:27:09.918468
790,790,5,1,2024-10-04,,1,2025-03-09 14:45:18.659999,2025-11-05 20:27:09.918796
791,791,1,1,2024-11-15,2024-11-22,5,2025-08-06 19:16:43.439603,2025-11-05 20:27:09.919122
792,792,3,1,2024-10-06,,1,2025-04-26 05:27:17.899889,2025-11-05 20:27:09.919446
793,793,3,1,2023-12-08,,1,2024-11-14 19:34:01.582203,2025-11-05 20:27:09.919767
794,794,3,1,2025-05-19,,1,2024-07-17 06:36:21.378381,2025-11-05 20:27:09.920086
795,795,4,1,2025-10-13,,1,2025-03-15 06:10:35.549927,2025-11-05 20:27:09.920428
796,796,1,1,2025-07-17,2025-07-24,1,2024-08-09 22:48:24.323711,2025-11-05 20:27:09.920752
797,797,4,1,2025-03-15,,1,2024-08-06 19:48:12.990651,2025-11-05 20:27:09.921051
798,798,4,1,2025-09-18,,5,2024-12-27 14:00:07.903646,2025-11-05 20:27:09.921372
799,799,2,1,2024-10-11,,1,2025-08-30 11:33:51.924566,2025-11-05 20:27:09.921690
800,800,5,1,2025-09-23,,1,2025-05-13 09:39:20.156916,2025-11-05 20:27:09.922006
801,801,3,1,2025-04-04,,1,2025-09-19 18:23:28.985672,2025-11-05 20:27:09.922322
802,802,5,1,2025-02-24,,1,2024-10-01 11:36:50.771777,2025-11-05 20:27:09.922637
803,803,2,1,2025-03-25,,1,2024-03-31 13:52:48.361222,2025-11-05 20:27:09.922952
804,804,3,1,2025-10-02,,1,2024-03-12 09:21:17.439384,2025-11-05 20:27:09.923267
805,805,4,1,2025-10-14,,1,2023-12-13 01:10:53.307433,2025-11-05 20:27:09.923581
806,806,2,1,2024-11-27,,2,2025-08-16 00:48:49.858170,2025-11-05 20:27:09.924090
807,807,3,1,2025-09-30,,1,2025-02-17 02:39:01.452269,2025-11-05 20:27:09.924526
808,808,2,1,2024-10-04,,1,2024-02-20 21:36:51.846684,2025-11-05 20:27:09.924906
809,809,2,1,2024-02-03,,1,2024-06-05 10:41:31.068952,2025-11-05 20:27:09.925201
810,810,2,1,2025-02-13,,5,2024-02-04 18:08:40.237323,2025-11-05 20:27:09.925495
811,811,2,1,2025-06-25,,1,2024-09-23 22:56:28.190509,2025-11-05 20:27:09.925788
812,812,5,1,2024-01-04,,1,2024-03-26 04:53:49.694516,2025-11-05 20:27:09.926080
813,813,2,1,2025-08-03,,4,2024-06-06 09:10:54.703144,2025-11-05 20:27:09.926398
814,814,3,1,2025-03-06,,1,2025-01-09 22:21:47.629772,2025-11-05 20:27:09.926715
815,815,1,1,2024-05-17,2024-05-24,1,2024-08-30 16:32:59.050519,2025-11-05 20:27:09.927100
816,816,4,1,2024-07-14,,1,2023-12-02 15:21:37.039651,2025-11-05 20:27:09.927424
817,817,3,1,2025-09-09,,1,2025-05-14 17:34:05.267465,2025-11-05 20:27:09.927716
818,818,4,1,2024-03-17,,5,2024-01-15 17:11:33.852932,2025-11-05 20:27:09.928053
819,819,2,1,2025-03-13,,1,2024-01-07 06:52:22.172375,2025-11-05 20:27:09.928375
820,820,2,1,2024-04-30,,1,2024-08-03 02:43:55.732944,2025-11-05 20:27:09.928694
821,821,2,1,2024-01-16,,1,2025-04-03 12:50:36.639627,2025-11-05 20:27:09.928985
822,822,4,1,2025-08-11,,1,2025-08-11 14:25:12.176240,2025-11-05 20:27:09.929276
823,823,3,1,2025-03-26,,1,2023-11-10 15:15:53.886820,2025-11-05 20:27:09.929594
824,824,1,1,2024-10-03,2024-10-10,1,2023-12-17 19:05:05.044814,2025-11-05 20:27:09.929885
825,825,2,1,2024-10-22,,1,2025-02-24 07:19:38.902129,2025-11-05 20:27:09.930208
826,826,3,1,2024-10-06,,1,2024-10-28 17:42:47.825802,2025-11-05 20:27:09.930530
827,827,2,1,2024-11-16,,1,2025-01-04 00:29:30.121649,2025-11-05 20:27:09.930854
828,828,4,1,2023-11-23,,3,2024-03-10 23:36:33.498021,2025-11-05 20:27:09.931178
829,829,3,1,2024-08-27,,1,2023-11-23 13:31:12.116946,2025-11-05 20:27:09.931556
830,830,1,1,2024-05-30,2024-06-06,1,2025-03-13 04:37:21.660055,2025-11-05 20:27:09.931885
831,831,5,1,2025-08-18,,4,2024-02-13 14:41:45.887765,2025-11-05 20:27:09.932214
832,832,5,1,2024-01-03,,1,2024-03-11 07:20:09.366838,2025-11-05 20:27:09.932533
833,833,1,1,2024-09-14,2024-09-21,1,2024-05-31 01:22:15.771110,2025-11-05 20:27:09.932877
834,834,2,1,2024-02-24,,1,2025-01-01 16:56:03.502454,2025-11-05 20:27:09.933228
835,835,5,1,2025-01-06,,1,2024-01-28 05:18:39.805714,2025-11-05 20:27:09.933815
836,836,2,1,2025-03-24,,1,2025-09-24 07:38:07.261257,2025-11-05 20:27:09.934164
837,837,2,1,2024-10-12,,1,2024-03-25 10:07:24.734429,2025-11-05 20:27:09.934501
838,838,5,1,2025-08-28,,1,2024-02-18 09:07:35.346397,2025-11-05 20:27:09.934826
839,839,1,1,2024-12-04,2024-12-11,1,2024-01-01 15:19:18.610805,2025-11-05 20:27:09.935330
840,840,5,1,2024-10-01,,1,2025-08-25 19:13:04.533377,2025-11-05 20:27:09.935720
841,841,5,1,2025-02-05,,1,2024-04-29 03:28:29.876967,2025-11-05 20:27:09.936050
842,842,4,1,2024-06-09,,1,2025-03-13 00:46:26.424954,2025-11-05 20:27:09.936377
843,843,2,1,2025-04-18,,1,2025-07-05 22:40:57.895056,2025-11-05 20:27:09.936703
844,844,3,1,2025-08-22,,1,2024-04-22 09:53:18.199897,2025-11-05 20:27:09.937188
845,845,2,1,2024-05-21,,1,2025-01-05 16:59:30.050206,2025-11-05 20:27:09.937511
846,846,3,1,2024-08-29,,1,2025-06-30 15:01:43.169410,2025-11-05 20:27:09.937812
847,847,2,1,2025-06-14,,1,2025-08-10 12:46:23.057961,2025-11-05 20:27:09.938106
848,848,3,1,2025-08-24,,1,2024-08-20 02:57:25.817107,2025-11-05 20:27:09.938430
849,849,3,1,2025-07-13,,5,2025-05-14 08:42:20.518002,2025-11-05 20:27:09.938763
850,850,2,1,2025-10-24,,1,2024-12-14 03:04:43.628339,2025-11-05 20:27:09.939080
851,851,5,1,2023-11-21,,1,2024-05-09 17:12:30.313511,2025-11-05 20:27:09.939398
852,852,2,1,2025-07-08,,1,2024-05-23 07:24:06.543672,2025-11-05 20:27:09.939715
853,853,2,1,2025-04-01,,1,2023-12-17 12:16:37.326617,2025-11-05 20:27:09.940033
854,854,1,1,2024-10-21,2024-10-28,4,2025-04-29 01:39:06.430540,2025-11-05 20:27:09.940323
855,855,2,1,2025-03-07,,1,2023-12-25 14:07:00.229311,2025-11-05 20:27:09.940658
856,856,2,1,2024-03-20,,1,2025-04-11 22:28:36.599124,2025-11-05 20:27:09.941147
857,857,2,1,2024-04-03,,1,2025-01-02 22:21:15.887925,2025-11-05 20:27:09.941609
858,858,3,1,2025-05-24,,1,2025-06-24 01:45:45.185281,2025-11-05 20:27:09.942072
859,859,2,1,2024-04-12,,1,2024-05-18 04:49:28.539953,2025-11-05 20:27:09.942414
860,860,2,1,2025-09-13,,1,2025-08-16 06:57:18.625582,2025-11-05 20:27:09.942717
861,861,4,1,2024-08-27,,1,2025-05-08 19:46:38.925508,2025-11-05 20:27:09.943040
862,862,3,1,2024-07-14,,1,2025-07-25 06:57:27.623398,2025-11-05 20:27:09.943363
863,863,4,1,2024-10-04,,1,2024-07-01 02:09:17.132263,2025-11-05 20:27:09.943686
864,864,3,1,2024-03-08,,1,2024-10-02 09:10:15.816307,2025-11-05 20:27:09.944006
865,865,3,1,2024-01-06,,1,2025-04-30 14:42:30.024130,2025-11-05 20:27:09.944343
866,866,5,1,2025-04-10,,1,2024-12-28 00:18:05.760323,2025-11-05 20:27:09.944664
867,867,4,1,2025-03-16,,1,2024-09-14 06:57:55.025229,2025-11-05 20:27:09.945095
868,868,4,1,2025-01-09,,1,2025-09-28 17:32:44.430829,2025-11-05 20:27:09.945442
869,869,2,1,2025-08-10,,1,2024-10-07 16:27:24.902299,2025-11-05 20:27:09.945777
870,870,3,1,2024-04-13,,1,2025-07-07 11:45:52.779978,2025-11-05 20:27:09.946073
871,871,2,1,2025-09-13,,2,2024-03-12 17:35:46.720842,2025-11-05 20:27:09.946369
872,872,3,1,2024-12-20,,1,2023-11-09 02:39:53.517881,2025-11-05 20:27:09.946690
873,873,5,1,2024-04-01,,1,2025-09-04 17:49:24.161874,2025-11-05 20:27:09.946983
874,874,1,1,2025-01-07,2025-01-14,1,2025-08-12 14:02:19.645425,2025-11-05 20:27:09.947376
875,875,3,1,2024-08-09,,1,2025-06-28 16:56:45.003535,2025-11-05 20:27:09.947705
876,876,2,1,2024-10-06,,1,2025-05-06 02:22:48.993959,2025-11-05 20:27:09.948030
877,877,3,1,2025-04-01,,1,2024-01-07 07:05:09.883472,2025-11-05 20:27:09.948461
878,878,3,1,2025-07-30,,1,2024-02-06 11:59:45.334035,2025-11-05 20:27:09.948808
879,879,3,1,2024-05-04,,1,2024-02-24 06:40:49.638285,2025-11-05 20:27:09.949107
880,880,1,1,2025-01-17,2025-01-24,5,2023-11-10 15:49:25.947217,2025-11-05 20:27:09.949438
881,881,3,1,2025-06-13,,4,2024-04-26 17:17:06.576696,2025-11-05 20:27:09.949735
882,882,2,1,2025-03-05,,1,2025-06-22 09:29:40.448476,2025-11-05 20:27:09.950029
883,883,3,1,2025-10-16,,1,2023-11-16 13:21:18.754331,2025-11-05 20:27:09.950617
884,884,4,1,2025-09-14,,1,2023-11-27 05:18:41.192440,2025-11-05 20:27:09.950992
885,885,3,1,2024-04-13,,1,2025-08-15 02:58:12.696656,2025-11-05 20:27:09.951333
886,886,5,1,2024-11-12,,1,2024-03-20 19:56:20.155520,2025-11-05 20:27:09.951664
887,887,3,1,2024-11-10,,1,2025-02-13 10:27:00.640329,2025-11-05 20:27:09.951987
888,888,4,1,2024-08-22,,1,2025-01-30 01:34:41.387360,2025-11-05 20:27:09.952313
889,889,2,1,2025-02-17,,1,2025-09-07 12:03:31.978248,2025-11-05 20:27:09.952636
890,890,2,1,2025-08-06,,1,2024-10-12 01:01:14.637437,2025-11-05 20:27:09.952957
891,891,3,1,2024-02-16,,1,2025-02-25 05:13:42.777852,2025-11-05 20:27:09.953284
892,892,1,1,2025-07-11,2025-07-18,2,2024-11-27 22:03:02.109074,2025-11-05 20:27:09.953615
893,893,4,1,2024-01-05,,4,2024-02-23 11:44:24.064981,2025-11-05 20:27:09.953937
894,894,2,1,2024-01-29,,1,2025-05-20 22:35:12.198652,2025-11-05 20:27:09.954227
895,895,2,1,2025-08-23,,1,2024-09-20 17:27:57.283547,2025-11-05 20:27:09.954528
896,896,5,1,2025-06-23,,1,2024-07-05 03:37:34.467190,2025-11-05 20:27:09.954861
897,897,5,1,2025-07-15,,1,2024-10-06 03:11:25.611280,2025-11-05 20:27:09.955190
898,898,2,1,2025-08-18,,1,2024-07-22 11:25:25.958339,2025-11-05 20:27:09.955519
899,899,2,1,2024-08-01,,1,2025-02-04 12:33:12.811241,2025-11-05 20:27:09.955838
900,900,5,1,2025-05-08,,1,2025-07-27 23:20:41.874917,2025-11-05 20:27:09.956154
901,901,4,1,2024-07-19,,2,2024-07-08 08:01:10.126937,2025-11-05 20:27:09.956473
902,902,2,1,2025-05-03,,5,2024-11-24 06:34:27.431727,2025-11-05 20:27:09.956790
903,903,2,1,2025-01-20,,1,2024-03-25 01:48:17.512650,2025-11-05 20:27:09.957266
904,904,3,1,2025-09-27,,1,2024-12-29 05:20:53.025226,2025-11-05 20:27:09.957596
905,905,4,1,2024-09-16,,1,2024-10-20 16:44:21.314244,2025-11-05 20:27:09.957924
906,906,2,1,2025-01-17,,1,2025-09-04 06:11:20.533782,2025-11-05 20:27:09.958214
907,907,2,1,2025-03-25,,5,2024-08-26 06:54:35.987692,2025-11-05 20:27:09.958537
908,908,3,1,2023-12-21,,1,2025-02-18 16:07:40.214834,2025-11-05 20:27:09.958834
909,909,2,1,2025-05-21,,3,2024-06-21 05:23:44.138077,2025-11-05 20:27:09.959164
910,910,4,1,2024-08-06,,1,2024-01-16 22:59:15.634502,2025-11-05 20:27:09.959495
911,911,3,1,2025-10-27,,1,2024-06-22 20:40:53.927139,2025-11-05 20:27:09.959789
912,912,4,1,2024-09-12,,1,2025-03-26 07:16:54.828716,2025-11-05 20:27:09.960081
913,913,5,1,2023-12-31,,1,2024-09-16 07:04:58.644158,2025-11-05 20:27:09.960402
914,914,3,1,2024-08-24,,1,2024-11-10 08:12:30.393758,2025-11-05 20:27:09.960724
915,915,2,1,2024-05-03,,2,2025-06-21 07:02:30.419093,2025-11-05 20:27:09.961023
916,916,2,1,2025-09-26,,2,2025-03-22 06:22:35.778878,2025-11-05 20:27:09.961325
917,917,5,1,2024-10-20,,1,2025-07-22 20:15:15.367920,2025-11-05 20:27:09.961647
918,918,3,1,2025-09-14,,4,2024-03-04 06:21:56.780310,2025-11-05 20:27:09.962092
919,919,4,1,2024-06-28,,2,2024-10-29 18:20:54.426096,2025-11-05 20:27:09.962432
920,920,3,1,2024-10-04,,1,2024-06-04 18:18:54.532551,2025-11-05 20:27:09.962760
921,921,3,1,2024-09-13,,1,2025-01-13 17:48:35.984123,2025-11-05 20:27:09.963082
922,922,2,1,2025-07-25,,3,2024-01-29 05:05:59.949396,2025-11-05 20:27:09.963403
923,923,2,1,2025-06-07,,1,2024-06-13 21:25:16.140676,2025-11-05 20:27:09.963722
924,924,5,1,2024-05-05,,5,2024-05-03 21:42:59.572930,2025-11-05 20:27:09.964011
925,925,5,1,2023-12-01,,1,2025-04-16 07:39:45.149727,2025-11-05 20:27:09.964356
926,926,2,1,2024-02-20,,1,2025-09-11 17:15:02.801879,2025-11-05 20:27:09.964696
927,927,3,1,2023-12-01,,1,2025-07-15 02:37:52.216327,2025-11-05 20:27:09.965025
928,928,3,1,2024-10-09,,1,2025-06-21 15:29:26.588797,2025-11-05 20:27:09.965317
929,929,2,1,2024-01-05,,1,2024-09-24 18:40:40.262310,2025-11-05 20:27:09.965639
930,930,4,1,2025-10-24,,1,2025-02-26 21:54:48.954805,2025-11-05 20:27:09.965959
931,931,3,1,2024-01-08,,1,2025-04-25 03:27:08.423665,2025-11-05 20:27:09.966276
932,932,2,1,2025-09-17,,1,2024-10-30 22:53:27.341635,2025-11-05 20:27:09.966594
933,933,3,1,2024-08-23,,1,2025-06-09 13:46:00.972049,2025-11-05 20:27:09.966910
934,934,4,1,2024-01-31,,4,2024-08-01 09:31:01.359701,2025-11-05 20:27:09.967378
935,935,3,1,2024-10-23,,1,2024-10-04 21:49:26.440942,2025-11-05 20:27:09.967832
936,936,2,1,2024-12-07,,1,2024-10-04 01:17:16.407427,2025-11-05 20:27:09.968168
937,937,3,1,2024-06-12,,1,2024-05-23 02:22:48.706535,2025-11-05 20:27:09.968490
938,938,2,1,2025-09-25,,1,2025-04-28 06:27:27.578552,2025-11-05 20:27:09.968810
939,939,5,1,2025-06-22,,1,2024-05-17 04:30:09.308527,2025-11-05 20:27:09.969127
940,940,5,1,2024-07-23,,2,2025-08-01 14:27:25.139723,2025-11-05 20:27:09.969442
941,941,5,1,2024-11-28,,1,2024-03-26 20:42:00.872509,2025-11-05 20:27:09.969731
942,942,2,1,2024-03-06,,1,2024-01-31 02:12:24.823796,2025-11-05 20:27:09.970052
943,943,3,1,2023-12-12,,2,2025-04-05 19:24:24.388999,2025-11-05 20:27:09.970371
944,944,1,1,2024-10-21,2024-10-28,1,2024-03-14 18:04:40.523841,2025-11-05 20:27:09.970690
945,945,3,1,2024-12-20,,1,2024-07-10 04:25:49.509200,2025-11-05 20:27:09.971150
946,946,2,1,2024-07-29,,4,2024-01-13 16:09:01.493260,2025-11-05 20:27:09.971493
947,947,4,1,2025-03-13,,1,2024-12-26 20:20:31.627471,2025-11-05 20:27:09.971818
948,948,3,1,2024-05-26,,1,2025-01-12 10:57:55.605207,2025-11-05 20:27:09.972148
949,949,1,1,2023-11-29,2023-12-06,4,2025-04-27 13:12:12.909849,2025-11-05 20:27:09.972470
950,950,5,1,2025-05-15,,1,2025-10-03 13:38:45.456552,2025-11-05 20:27:09.972762
951,951,4,1,2025-07-23,,1,2024-12-24 13:23:10.814058,2025-11-05 20:27:09.973082
952,952,3,1,2024-12-13,,1,2025-09-28 06:39:56.252209,2025-11-05 20:27:09.973401
953,953,5,1,2025-02-26,,2,2024-09-25 06:41:47.353235,2025-11-05 20:27:09.973692
954,954,3,1,2024-03-10,,1,2025-07-13 21:34:42.931196,2025-11-05 20:27:09.974012
955,955,3,1,2025-06-24,,1,2025-04-21 21:22:24.765935,2025-11-05 20:27:09.974447
956,956,3,1,2024-04-02,,1,2024-04-12 16:51:12.120614,2025-11-05 20:27:09.974800
957,957,3,1,2024-12-05,,4,2024-07-03 00:48:11.409284,2025-11-05 20:27:09.975129
958,958,2,1,2023-12-04,,5,2025-03-06 19:10:58.723657,2025-11-05 20:27:09.975450
959,959,5,1,2024-09-10,,1,2025-06-27 22:49:26.954561,2025-11-05 20:27:09.975766
960,960,5,1,2025-07-31,,1,2024-09-15 04:23:05.164909,2025-11-05 20:27:09.976080
961,961,3,1,2024-11-17,,1,2025-01-06 18:49:11.212807,2025-11-05 20:27:09.976395
962,962,3,1,2023-12-18,,4,2025-08-29 12:04:10.145976,2025-11-05 20:27:09.976710
963,963,2,1,2025-03-27,,1,2024-04-06 03:36:39.125087,2025-11-05 20:27:09.977025
964,964,1,1,2024-10-04,2024-10-11,5,2025-02-17 23:43:22.091220,2025-11-05 20:27:09.977409
965,965,3,1,2025-08-12,,1,2024-04-14 03:18:38.142020,2025-11-05 20:27:09.977736
966,966,3,1,2025-03-25,,3,2024-08-11 22:07:09.447578,2025-11-05 20:27:09.978055
967,967,1,1,2024-09-15,2024-09-22,1,2025-01-30 21:18:50.128870,2025-11-05 20:27:09.978476
968,968,3,1,2024-04-07,,1,2024-03-06 15:21:34.455504,2025-11-05 20:27:09.978803
969,969,3,1,2025-07-15,,1,2024-02-17 16:51:57.776454,2025-11-05 20:27:09.979096
970,970,3,1,2024-02-19,,1,2024-06-16 06:06:29.714642,2025-11-05 20:27:09.979414
971,971,2,1,2025-08-01,,1,2024-07-07 10:46:38.229700,2025-11-05 20:27:09.979776
972,972,1,1,2024-09-09,2024-09-16,1,2025-02-16 18:58:33.395190,2025-11-05 20:27:09.980096
973,973,2,1,2024-11-27,,1,2024-06-23 16:14:34.830162,2025-11-05 20:27:09.980418
974,974,3,1,2024-10-27,,1,2024-06-02 00:38:15.803092,2025-11-05 20:27:09.980834
975,975,3,1,2024-01-18,,1,2024-02-17 11:56:19.760128,2025-11-05 20:27:09.981137
976,976,1,1,2025-03-13,2025-03-20,1,2025-02-06 11:24:49.942799,2025-11-05 20:27:09.981462
977,977,2,1,2025-08-26,,1,2025-08-27 00:10:27.559728,2025-11-05 20:27:09.981757
978,978,3,1,2025-01-23,,1,2024-12-15 23:16:31.356726,2025-11-05 20:27:09.982079
979,979,1,1,2023-11-10,2023-11-17,2,2024-04-15 11:37:34.490794,2025-11-05 20:27:09.982396
980,980,3,1,2024-02-15,,1,2024-09-17 12:46:33.309116,2025-11-05 20:27:09.982713
981,981,5,1,2024-08-07,,1,2024-11-28 17:11:25.544037,2025-11-05 20:27:09.983030
982,982,3,1,2024-04-16,,1,2024-03-13 07:21:54.322299,2025-11-05 20:27:09.983346
983,983,2,1,2024-08-05,,1,2024-04-15 17:55:43.012239,2025-11-05 20:27:09.984557
984,984,5,1,2025-07-09,,1,2023-11-30 06:32:04.061124,2025-11-05 20:27:09.984918
985,985,2,1,2024-10-04,,1,2025-05-27 07:16:48.999910,2025-11-05 20:27:09.985243
986,986,4,1,2024-07-07,,1,2024-10-09 19:05:21.656351,2025-11-05 20:27:09.985538
987,987,5,1,2025-05-25,,1,2024-12-10 10:16:17.166357,2025-11-05 20:27:09.985876
988,988,5,1,2024-11-15,,2,2025-05-26 14:15:31.117867,2025-11-05 20:27:09.986203
989,989,3,1,2024-04-28,,4,2025-07-28 20:07:09.890574,2025-11-05 20:27:09.986524
990,990,2,1,2024-05-01,,4,2025-08-01 13:57:15.039943,2025-11-05 20:27:09.986850
991,991,4,1,2025-07-13,,1,2024-09-21 21:32:57.122495,2025-11-05 20:27:09.987170
992,992,3,1,2024-10-16,,1,2025-08-30 01:14:35.319148,2025-11-05 20:27:09.987486
993,993,4,1,2024-05-02,,1,2024-04-15 22:14:15.444890,2025-11-05 20:27:09.987808
994,994,1,1,2025-08-07,2025-08-14,1,2024-05-25 10:05:45.706204,2025-11-05 20:27:09.988127
995,995,3,1,2025-09-10,,1,2024-10-25 08:57:33.210867,2025-11-05 20:27:09.988458
996,996,3,1,2025-10-04,,1,2024-03-24 02:38:57.232267,2025-11-05 20:27:09.988805
997,997,3,1,2024-09-10,,5,2025-03-03 08:27:18.234138,2025-11-05 20:27:09.989143
998,998,5,1,2024-08-06,,5,2024-11-06 07:02:29.079295,2025-11-05 20:27:09.989460
999,999,3,1,2024-08-26,,4,2025-09-23 06:58:53.999878,2025-11-05 20:27:09.989779
1000,1000,2,1,2025-07-23,,1,2025-06-04 00:35:06.107385,2025-11-05 20:27:09.990137
