1,1002,1,1,,2025-04-22 07:18:51.056023,2025-11-05 17:54:23.667822
2,1003,1,1,,2025-06-18 16:05:48.080305,2025-11-05 17:54:23.668104
3,1004,1,1,,2025-07-16 05:23:32.644159,2025-11-05 17:54:23.668368
4,1005,1,1,,2024-02-29 21:33:09.394841,2025-11-05 17:54:23.668632
5,1006,1,1,,2025-06-18 04:09:55.180991,2025-11-05 17:54:23.668896
6,1007,1,1,,2025-06-05 16:47:21.396134,2025-11-05 17:54:23.669158
7,1008,1,1,,2024-05-22 19:57:17.724644,2025-11-05 17:54:23.669436
8,1009,1,1,,2024-03-31 09:44:12.339326,2025-11-05 17:54:23.669690
9,1010,1,1,,2025-07-31 02:26:48.672227,2025-11-05 17:54:23.669937
10,1011,1,1,,2025-02-22 08:07:53.679505,2025-11-05 17:54:23.670186
11,1012,1,1,,2023-11-17 20:41:08.851120,2025-11-05 17:54:23.670552
12,1013,1,1,,2025-08-09 10:38:19.213865,2025-11-05 17:54:23.670845
13,1014,1,1,,2024-12-04 10:07:37.778811,2025-11-05 17:54:23.671172
14,1015,1,1,,2025-02-01 23:47:04.938487,2025-11-05 17:54:23.671436
15,1016,1,1,,2024-06-10 22:50:24.528242,2025-11-05 17:54:23.671698
